sit,num_dos,n_dos,num_cin,nom_pre,dat_enr,csp,prd,sit_dos,stage,encours,prov,prv_cum,nbr_imp_initial,nbr_imp,age_imp,ech_deb,ech_fin,dur_crd,mt_cred,mensualite,mt_dit,cod_emp,lib_emp,cod_agc,lib_agc,dat_arr,commentaire,matricule,lib_vil,date_calcul,cod_rev,lib_rev,cli_adr,cli_vil,cli_tel,flag_pcx,csp_prd,mnt_echeance,mnt_imp,verif_bagatelle,flag_reechelonnement,ctx,spp,sinistre,segment,qualification,code_resultat
NOR,C50Q4371,C50Q4371,J435539,clt915,31/01/2025,L,L,NOR,S1,242974.52,2545.152171,0.0,1.0,1.0,1.0,31/01/2025,31/01/2031,73,247583.33,2077.04,95.35,BQ010,,911,Agence Agadir Shems,28/02/2025,INITIAL,2035705,INEZGANE,01/03/2025,VC00005,TOYOTA DU MAROC,prog itrane imm h apprt 125 dcheira inzegane,123,,,Auto_LOA,2172.39,2172.39,IMP,,,,,PP,,
IMP,L50I4512,A50I4512,D109754,clt548,27/11/2005,L,L,CTX,S3,4820.59,4287.82,4287.82,2.0,2.0,181.0,30/11/2005,31/01/2010,39,152349.08,2930.75,0.0,BQ013,,904,Agence Tanger Spartel,28/02/2025,INITIAL,,TANGER,01/03/2025,VC00005,TOYOTA DU MAROC,ADR548,3,,,Auto_LOA,2930.75,5861.5,IMP,,,,,PP,,
IMP,10051801,B1EV5587,F507333,clt55,07/12/2011,V,A,CTX,S3,121845.58,94257.52,94257.52,1.0,1.0,99.0,31/01/2012,31/12/2017,72,110000.0,2087.55,77.0,OPB157,,905,Agence Oujda Angad,28/02/2025,Restr_grpe,1,OUJDA,01/03/2025,VC00134,AUTO CONFIANCE,ADR55,17,511313353,,Auto_CLASS,2164.55,2164.55,IMP,,,,,PP,,
IMP,10052319,B1EV5824,G140515,clt55,27/12/2011,V,M,CTX,S3,4874.99,4193.57,4193.57,1.0,1.0,99.0,31/01/2012,31/12/2014,35,5490.0,185.97,10.98,OPB021,,915,Agence Kenitra Mohamed V,28/02/2025,Restr_grpe,9093898,KENITRA,01/03/2025,CG00090,BELLE IMAGE,ADR55,15,578998875,,OPB_DISPO,196.95,196.95,IMP,,,,,OPB_DISPO,,
IMP,L05AB508,L05AB508,B190880,clt524,13/05/2005,L,L,CTX,S3,2343.99,2343.99,2343.99,0.85,0.85,175.0,30/05/2005,31/05/2010,48,273383.38,4288.24,0.0,BQ007,,900,SALON AUTO,28/02/2025,INITIAL,,CASABLANCA,01/03/2025,VC00022,AUTO NEJMA MAROC SA,ADR524,2,,,Auto_LOA,4288.24,3645.004,Bagatelle,,,,,PP,,
IMP,A90C7225,A90C7225,M150828,clt175,17/12/2009,V,D,CTX,S3,5935.01,5833.88,5833.88,1.0,1.0,99.0,31/01/2010,31/12/2013,48,50000.0,1472.0,120.0,OPB117,,914,Agence ElJadida SidiDaoui,28/02/2025,Restr_grpe,4,EL JADIDA,01/03/2025,,,ADR175,9,33343373,,OPB_DISPO,1592.0,1592.0,IMP,,,,,OPB_DISPO,,
IMP,A90C7481,A90C7481,C303504,clt175,11/12/2009,V,D,CTX,S3,5455.99,4782.82,4782.82,1.0,1.0,99.0,31/01/2010,31/12/2013,48,10000.0,283.0,20.0,OPB022,,902,Agence Marrakech Menara,28/02/2025,Restr_grpe,551,MARRAKECH,01/03/2025,,,ADR175,4,78533594,,OPB_DISPO,303.0,303.0,IMP,,,,,OPB_DISPO,,
IMP,28203,B0EV0218,BE54789C,clt14,22/02/2010,V,A,CTX,S3,92912.99,79011.17,79011.17,1.0,1.0,99.0,31/03/2010,28/02/2015,50,120000.0,2505.8,84.0,OPB021,,980,Plateforme commerciale,28/02/2025,Restr_grpe,1,CASABLANCA,01/03/2025,VC00202,MONZA MOTORS,ADR14,2,511998371,,Auto_CLASS,2589.8,2589.8,IMP,,,,,PP,,
IMP,L05AB805,L05AB805,JB58777,clt527,29/05/2005,L,L,CTX,S3,74220.12,52043.99,52043.99,28.92,28.92,192.0,30/05/2005,31/05/2011,50,115333.33,2398.88,0.0,BQ181,,908,Agence Rabat Ministeres,28/02/2025,INITIAL,,RABAT,01/03/2025,VC00041,S.G.A,ADR527,1,,,Auto_LOA,2398.88,69375.6096,IMP,,,,,PP,,
IMP,L04AB115,L04AB115,BE578971,clt454,19/07/2004,L,L,CTX,S3,100143.51,84150.17,84150.17,19.89,19.89,205.0,10/08/2004,10/07/2009,50,224915.57,4538.53,0.0,BQ013,,0,Agence Casa Sidi Belyout,28/02/2025,INITIAL,,CASABLANCA,01/03/2025,VC00005,TOYOTA DU MAROC,ADR454,2,,,Auto_LOA,4538.53,90271.3617,IMP,,,,,PP,,
IMP,L05AA575,L05AA575,BH80557,clt484,15/04/2005,L,L,CTX,S3,175239.57,153950.57,153950.57,32.85,32.85,221.0,10/05/2005,10/04/2009,48,240833.33,5089.57,0.0,BQ022,,904,Agence Tanger Spartel,28/02/2025,INITIAL,,TANGER,01/03/2025,VC00075,SUZUKI MAROC,ADR484,3,,,Auto_LOA,5089.57,167192.3745,IMP,,,,,PP,,INJTL
IMP,L05AC384,L05AC384,WA2032,clt498,11/11/2005,L,L,CTX,S3,29917.98,25191.83,25191.83,9.03,9.03,178.0,20/01/2005,20/12/2010,50,155091.57,3148.44,0.0,BQ013,,980,Plateforme commerciale,28/02/2025,AUTOVENDU,,BERRECHID,01/03/2025,VC00010,CAC,ADR498,39,,,Auto_LOA,3148.44,28430.4132,IMP,,,,,PP,,
IMP,B0092772,B0092772,M241155,clt415,10/08/2010,V,D,CTX,S3,15840.02,15597.03,15597.03,1.0,1.0,99.0,30/09/2010,31/08/2012,24,20000.0,920.0,40.0,OPB022,,925,Agence Safi Plateau,28/02/2025,Restr_grpe,108,SAFI,01/03/2025,,,ADR415,8,51935451,,OPB_DISPO,960.0,960.0,IMP,,,,,OPB_DISPO,,
IMP,L50F7508,A50F7508,A55558,clt535,31/10/2005,L,L,CTX,S3,32103.27,27021.59,27021.59,9.0,9.0,179.0,20/11/2005,20/10/2010,48,151333.33,3493.54,0.0,BQ181,,914,Agence ElJadida SidiDaoui,28/02/2025,SINISTRE,,RABAT,01/03/2025,VC00025,AMAN AUTOS,ADR535,1,,,Auto_LOA,3493.54,31441.86,IMP,,,,,PP,,
IMP,L05AA577,L05AA577,JF19150,clt485,29/04/2005,L,L,CTX,S3,52832.52,53358.88,53358.88,19.42,19.42,208.0,10/05/2005,10/04/2009,48,114083.33,3033.0,0.0,BQ154,,904,Agence Tanger Spartel,28/02/2025,INITIAL,,TANGER,01/03/2025,VC00005,TOYOTA DU MAROC,ADR485,3,,,Auto_LOA,3033.0,58900.86,IMP,,,,,PP,,
IMP,L05AB141,L05AB141,BJ114877,clt490,01/05/2005,L,L,CTX,S3,27509.5,23227.48,23227.48,10.97,10.97,185.0,20/05/2005,20/05/2010,50,131555.57,2352.58,0.0,BQ021,,980,Plateforme commerciale,28/02/2025,INITIAL,,CASABLANCA,01/03/2025,VC00099,UNIVERS MOTORS DISTRIBUTION,ADR490,2,,,Auto_LOA,2352.58,25807.8026,IMP,,,,,PP,,
IMP,28420,B0EV0307,H272352,clt19,24/02/2010,V,A,CTX,S3,21481.22,19903.17,19903.17,1.0,1.0,99.0,31/03/2010,28/02/2014,48,52000.0,1342.58,35.4,OPB143,,980,Plateforme commerciale,28/02/2025,Restr_grpe,1,AUTRES,01/03/2025,,,ADR19,999,,,Auto_CLASS,1377.98,1377.98,IMP,,,,,PP,,
IMP,L50H2023,A50H2023,B448135,clt540,22/12/2005,L,L,CTX,S3,44529.43,37421.57,37421.57,11.12,11.12,159.0,31/12/2005,30/11/2011,50,188225.0,3853.04,0.0,BQ025,,980,Plateforme commerciale,28/02/2025,INITIAL,,,01/03/2025,VC00004,SOPRIAM,ADR540,2,,,Auto_LOA,3853.04,42845.8048,IMP,,,,,PP,,
IMP,B0034191,B0034191,P33481,clt273,05/04/2010,V,D,CTX,S3,13528.02,11985.99,11985.99,1.0,1.0,99.0,31/05/2010,30/04/2014,48,20000.0,515.0,40.0,OPB101,,918,Agence Marrakech Rte Casa,28/02/2025,Restr_grpe,491071841,OUARZAZATE,01/03/2025,,,ADR273,42,34888883,,OPB_DISPO,555.0,555.0,IMP,,,,,OPB_DISPO,,
IMP,L05AC745,L05AC745,BH528037,clt503,14/12/2005,L,L,CTX,S3,7150.43,5155.57,5155.57,2.84,2.84,184.0,31/12/2005,30/11/2009,48,118187.51,2895.05,0.0,BQ007,,980,Plateforme commerciale,28/02/2025,INITIAL,,CASABLANCA,01/03/2025,VC00118,GLOBAL ENGINES,ADR503,2,,,Auto_LOA,2895.05,8221.942,IMP,,,,,PP,,
IMP,A90C0153,A90C0153,W55901,clt158,25/11/2009,V,D,CTX,S3,15758.0,14075.13,14075.13,1.0,1.0,99.0,31/12/2009,30/11/2014,50,20000.0,434.0,40.0,OPB021,,907,Agence Casa Zerktouni,28/02/2025,Restr_grpe,814,BERRECHID,01/03/2025,,,ADR158,39,50454707,,OPB_DISPO,474.0,474.0,IMP,,,,,OPB_DISPO,,
IMP,L04AB432,L04AB432,T3835T,clt474,22/11/2004,L,L,CTX,S3,154573.03,145422.38,145422.38,30.83,30.83,224.0,10/12/2004,10/11/2008,48,200285.03,5145.31,0.0,BQ013,,909,BELVEDERE,28/02/2025,INITIAL,,MOHAMMADIA,01/03/2025,VC00022,AUTO NEJMA MAROC SA,ADR474,14,,,Auto_LOA,5145.31,158629.9073,IMP,,,,,PP,,INJTL
IMP,L05AA094,L05AA094,JC134375,clt505,30/01/2005,L,L,CTX,S3,5854.13,5958.57,5958.57,2.39,2.39,183.0,30/01/2005,31/12/2009,48,148083.33,3549.18,0.0,BQ022,,911,Agence Agadir Shems,28/02/2025,INITIAL,,OULAD TEIMA,01/03/2025,VC00089,SEDSOUSS,ADR505,70,,,Auto_LOA,3549.18,8482.5402,IMP,,,,,PP,,
IMP,L50H9535,A50H9535,Q5040,clt545,03/11/2005,L,L,CTX,S3,35308.52,30425.12,30425.12,15.55,15.55,175.0,10/11/2005,10/10/2011,50,101355.0,2080.15,0.0,BQ022,,902,Agence Marrakech Menara,28/02/2025,INITIAL,,MARRAKECH,01/03/2025,VC00149,CFAO MOTORS,ADR545,4,,,Auto_LOA,2080.15,32346.3325,IMP,,,,,PP,,
IMP,11005925,B1EV5285,T215139,clt70,15/03/2011,V,M,CTX,S3,3000.0,3000.0,3000.0,1.0,1.0,99.0,30/04/2011,31/01/2012,10,5000.0,500.0,0.0,OPB011,,908,Agence Rabat Ministeres,28/02/2025,Restr_grpe,1,MOHAMMADIA,01/03/2025,CG00187,ASWAK ASSALAM TEMARA,ADR70,14,537510785,,OPB_DISPO,500.0,500.0,IMP,,,,,OPB_DISPO,,
IMP,11007811,B1EV5899,A594827,clt78,22/11/2011,V,M,CTX,S3,4518.91,4107.58,4107.58,1.0,1.0,99.0,31/12/2011,30/11/2013,24,5519.0,322.78,13.23,OPB013,,908,Agence Rabat Ministeres,28/02/2025,Restr_grpe,1,YOUSSOUFIA,01/03/2025,CG00188,ASWAK ASSALAM RABAT,ADR78,57,544583739,,OPB_DISPO,336.01,336.01,IMP,,,,,OPB_DISPO,,
IMP,20055343,B2EV1187,GN101097,clt92,25/04/2012,V,A,CTX,S3,115553.13,84999.8,84999.8,1.0,1.0,99.0,31/05/2012,30/04/2017,50,85000.0,1942.72,59.5,OPB007,,922,Agence Rabat Agdal,28/02/2025,Restr_grpe,1,AUTRES,01/03/2025,VC00237,JNANE AUTO,ADR92,999,537111111,,Auto_CLASS,2002.22,2002.22,IMP,,,,,PP,,
IMP,10051478,B1EV5427,BE549738,clt51,25/11/2011,L,L,CTX,S3,43414.75,35178.99,35178.99,9.11,9.11,108.0,10/12/2011,10/11/2015,50,234915.57,4755.15,195.59,BQ022,,980,Plateforme commerciale,28/02/2025,AUTOVENDU,,CASABLANCA,01/03/2025,VC00149,CFAO MOTORS,ADR51,2,500930000,,Auto_LOA,4950.74,45101.2414,IMP,,,,,PP,,
IMP,L70F1294,A70F1294,GK23191,clt451,13/05/2007,L,L,CTX,S3,1255.98,1255.98,1255.98,0.82,0.82,154.0,30/05/2007,31/05/2011,48,154083.33,2248.95,0.0,BQ011,,903,Agence Fes Zerhoun,28/02/2025,INITIAL,,SIDI KACEM,01/03/2025,VC00005,TOYOTA DU MAROC,ADR451,49,,,Auto_LOA,2248.95,1844.139,Bagatelle,,,,,PP,,
IMP,L70A2329,A70A2329,BE45425M,clt432,15/01/2007,L,L,CTX,S3,90759.23,75884.25,75884.25,25.52,25.52,181.0,10/02/2007,10/01/2012,50,145904.17,3325.25,0.0,BQ021,,980,Plateforme commerciale,28/02/2025,INITIAL,,CASABLANCA,01/03/2025,VC00140,ITALCAR,ADR432,2,33351971,,Auto_LOA,3325.25,84860.38,IMP,,,,,PP,,
IMP,28422,B0EV0308,H272352,clt20,24/02/2010,V,A,CTX,S3,21481.22,19903.17,19903.17,1.0,1.0,99.0,31/03/2010,28/02/2014,48,52000.0,1342.58,35.4,OPB143,,980,Plateforme commerciale,28/02/2025,Restr_grpe,1,AUTRES,01/03/2025,,,ADR20,999,,,Auto_CLASS,1377.98,1377.98,IMP,,,,,PP,,
IMP,B0051179,B0051179,G225181,clt312,07/05/2010,V,D,CTX,S3,5847.73,5830.57,5830.57,1.0,1.0,99.0,30/05/2010,31/05/2014,48,10000.0,282.0,20.0,OPB181,,908,Agence Rabat Ministeres,28/02/2025,Restr_grpe,27,TEMERA,01/03/2025,,,ADR312,235,53385505,,OPB_DISPO,302.0,302.0,IMP,,,,,OPB_DISPO,,
IMP,L05AA232,L05AA232,E57451,clt512,20/02/2005,L,L,CTX,S3,2888.97,2581.5,2581.5,1.37,1.37,158.0,10/03/2005,10/02/2011,50,154415.57,3051.95,0.0,BQ007,,902,Agence Marrakech Menara,28/02/2025,INITIAL,,MARRAKECH,01/03/2025,VC00172,MEGA AUTO,ADR512,4,44495080,,Auto_LOA,3051.95,4181.1715,Bagatelle,,,,,PP,,INJTL
IMP,L05AA302,L05AA302,BJ49158,clt514,14/03/2005,L,L,CTX,S3,90502.25,75771.2,75771.2,25.31,25.31,193.0,30/03/2005,28/02/2011,50,151505.0,3223.05,0.0,BQ013,,980,Plateforme commerciale,28/02/2025,INITIAL,,CASABLANCA,01/03/2025,VC00004,SOPRIAM,ADR514,2,,,Auto_LOA,3223.05,81575.3955,IMP,,,,,PP,,
IMP,L05AA329,L05AA329,J15132,clt482,08/04/2005,L,L,CTX,S3,45213.43,38511.18,38511.18,9.39,9.39,200.0,30/04/2005,31/03/2009,48,155000.0,4385.57,0.0,BQ101,,911,Agence Agadir Shems,28/02/2025,INITIAL,,AGADIR,01/03/2025,VC00089,SEDSOUSS,ADR482,10,,,Auto_LOA,4385.57,41180.5023,IMP,,,,,PP,,
IMP,B0040507,B0040507,A121159,clt285,07/04/2010,V,D,CTX,S3,9900.0,9552.1,9552.1,1.0,1.0,99.0,31/05/2010,31/10/2013,42,12223.08,300.0,0.0,OPB007,,102,Agence Recouv ZERKTOUNI,28/02/2025,SINISTRE,,RABAT,01/03/2025,,,ADR285,1,57035133,,OPB_DISPO,300.0,300.0,IMP,Oui,,,,OPB_DISPO,,
IMP,10050887,B1EV5121,E488225,clt43,02/11/2011,L,L,CTX,S3,49597.12,41331.0,41331.0,20.55,20.55,120.0,30/11/2011,31/10/2015,50,118333.33,2400.32,98.52,BQ007,,925,Agence Safi Plateau,28/02/2025,AUTOVENDU,,AUTRES,01/03/2025,VC00059,GARAGE DU MAGHREB,ADR43,999,510411555,,Auto_LOA,2498.84,51351.162,IMP,,,,,PP,,
IMP,L05AA112,L05AA112,E157585,clt508,24/01/2005,L,L,CTX,S3,110120.02,92157.93,92157.93,20.92,20.92,200.0,20/02/2005,20/01/2010,48,240750.0,4957.48,0.0,BQ145,,902,Agence Marrakech Menara,28/02/2025,INITIAL,,MARRAKECH,01/03/2025,VC00005,TOYOTA DU MAROC,ADR508,4,44385353,,Auto_LOA,4957.48,103710.4816,IMP,,,,,PP,,
IMP,20055275,B2EV1524,B397133,clt101,27/04/2012,V,A,CTX,S3,24573.04,23339.55,23339.55,1.0,1.0,99.0,31/05/2012,30/04/2017,50,100000.0,2158.75,70.0,OPB011,,929,Agence Casa Ain Sebaa,28/02/2025,Restr_grpe,1,CASABLANCA,01/03/2025,VC00028,RENAULT MAROC,ADR101,2,554491914,,Auto_CLASS,2228.75,2228.75,IMP,,,,,PP,,
IMP,20058509,B2EV2550,AD57301,clt118,18/05/2012,L,L,CTX,S3,50525.95,50438.37,50438.37,24.37,24.37,115.0,31/07/2012,30/05/2017,50,119337.5,2483.54,99.85,BQ225,,922,Agence Rabat Agdal,28/02/2025,AUTOVENDU,,SKHIRAT,01/03/2025,VC00014,JORF LASFAR AUTOMOBILE,ADR118,821,551101010,,Auto_LOA,2583.39,62957.2143,IMP,,,,,PP,,
IMP,10051525,B1EV5505,BL15539,clt54,30/11/2011,L,L,CTX,S3,22253.52,18544.59,18544.59,7.0,7.0,104.0,10/01/2012,10/12/2015,50,155800.0,3180.5,130.55,BQ181,,980,Plateforme commerciale,28/02/2025,AUTOVENDU,,CASABLANCA,01/03/2025,VC00118,GLOBAL ENGINES,ADR54,2,,,Auto_LOA,3311.05,23177.35,IMP,,,,,PP,,INJTL
IMP,L70F9845,A70F9845,F290007,clt451,29/05/2007,L,L,CTX,S3,1910.75,1910.75,1910.75,0.85,0.85,170.0,30/05/2007,30/11/2010,42,225000.0,3731.71,0.0,BQ225,,905,Agence Oujda Angad,28/02/2025,INITIAL,,OUJDA,01/03/2025,VC00174,COMAM,ADR451,17,,,Auto_LOA,3731.71,3171.9535,Bagatelle,,,,,PP,,
IMP,B0033582,B0033582,T70079,clt271,31/03/2010,V,D,CTX,S3,7505.55,5981.57,5981.57,1.0,1.0,99.0,31/05/2010,30/04/2013,35,15000.0,490.0,30.0,OPB007,,914,Agence ElJadida SidiDaoui,28/02/2025,Restr_grpe,4005,EL JADIDA,01/03/2025,,,ADR271,9,55777751,,OPB_DISPO,520.0,520.0,IMP,,,,,OPB_DISPO,,
IMP,B0025422,B0025422,BK1500,clt252,05/03/2010,F,D,CTX,S3,18148.92,13375.54,13375.54,1.0,1.0,99.0,30/04/2010,31/03/2020,120,21700.0,341.0,15.19,2501,DIRECTION SURETE NATIONALE,911,Agence Agadir Shems,28/02/2025,Restr_grpe,230539,LAAYOUNE,01/03/2025,,,ADR252,54,73934553,PCX,EMPHF,356.19,356.19,IMP,,,,,EMPHF,,
IMP,L50I5218,A50I5218,C114851,clt549,23/11/2005,L,L,CTX,S3,1023.71,1023.71,1023.71,0.75,0.75,170.0,10/12/2005,10/11/2010,48,137250.0,3341.57,0.0,BQ022,,902,Agence Marrakech Menara,28/02/2025,INITIAL,,MARRAKECH,01/03/2025,VC00172,MEGA AUTO,ADR549,4,,,Auto_LOA,3341.57,2506.1775,Bagatelle,,,,,PP,,
IMP,L70G1851,A70G1851,M297845,clt452,29/05/2007,L,L,CTX,S3,15129.02,12781.94,12781.94,5.94,5.94,157.0,30/07/2007,30/05/2012,50,104555.57,2173.53,0.0,BQ022,,914,Agence ElJadida SidiDaoui,28/02/2025,AUTOVENDU,,EL JADIDA,01/03/2025,VC00025,AMAN AUTOS,ADR452,9,,,Auto_LOA,2173.53,12910.7682,IMP,,,,,PP,,
IMP,L05AA915,L05AA915,EB49330,clt488,15/05/2005,L,L,CTX,S3,49509.05,41544.45,41544.45,12.42,12.42,201.0,31/05/2005,30/04/2009,48,172155.57,3732.3,0.0,BQ225,,980,Plateforme commerciale,28/02/2025,INITIAL,,CASABLANCA,01/03/2025,VC00004,SOPRIAM,ADR488,2,,,Auto_LOA,3732.3,46355.166,IMP,,,,,PP,,
IMP,980Y3747,980Y3747,Q50183,clt144,17/12/1998,V,A,CTX,S3,332305.78,271445.07,271445.07,1.0,1.0,99.0,31/01/1999,31/12/2001,35,350000.0,12781.0,0.0,OPB022,,0,Agence Casa Sidi Belyout,28/02/2025,Restr_grpe,,OUED ZEM,01/03/2025,VC00034,AIN ASRDOUN AUTO,ADR144,12,3411540,,Auto_CLASS,12781.0,12781.0,IMP,,,,,PP,,
IMP,20054355,B2EV0715,C343388,clt84,27/01/2012,L,L,CTX,S3,52339.32,43515.15,43515.15,18.0,18.0,114.0,29/02/2012,31/01/2017,50,150833.33,2907.74,125.58,BQ007,,903,Agence Fes Zerhoun,28/02/2025,AUTOVENDU,,FES,01/03/2025,VC00010,CAC,ADR84,5,551455015,,Auto_LOA,3033.32,54599.76,IMP,,,,,PP,,
IMP,L05AA091,L05AA091,BE582514,clt478,04/02/2005,L,L,CTX,S3,58578.15,57374.72,57374.72,22.89,22.89,202.0,10/02/2005,10/01/2010,50,135750.0,2738.13,0.0,BQ022,,0,Agence Casa Sidi Belyout,28/02/2025,INITIAL,,CASABLANCA,01/03/2025,VC00099,UNIVERS MOTORS DISTRIBUTION,ADR478,2,,,Auto_LOA,2738.13,62675.7957,IMP,,,,,PP,,
IMP,L50F3550,A50F3550,BE552495,clt533,20/09/2005,L,L,CTX,S3,100459.44,83724.43,83724.43,25.89,25.89,187.0,10/10/2005,10/09/2011,50,155891.57,3425.21,0.0,BQ007,,980,Plateforme commerciale,28/02/2025,INITIAL,,CASABLANCA,01/03/2025,VC00004,SOPRIAM,ADR533,2,,,Auto_LOA,3425.21,88678.6869,IMP,,,,,PP,,
IMP,28455,B0EV0321,JB312431,clt21,01/02/2010,V,A,CTX,S3,93881.55,82874.47,82874.47,1.0,1.0,99.0,31/03/2010,28/02/2015,50,150000.0,3474.4,112.0,OPB021,,980,Plateforme commerciale,28/02/2025,Restr_grpe,1,AUTRES,01/03/2025,VC00059,GARAGE DU MAGHREB,ADR21,999,0,,Auto_CLASS,3586.4,3586.4,IMP,,,,,PP,,
IMP,27998,B0EV0151,RC155877,clt8,22/01/2010,V,A,CTX,S3,141332.25,115007.73,115007.73,1.0,1.0,99.0,28/02/2010,31/01/2014,48,119000.0,3072.44,83.3,OPB022,,980,Plateforme commerciale,28/02/2025,Restr_grpe,1,CASABLANCA,01/03/2025,VC00028,RENAULT MAROC,ADR8,2,551153331,,Auto_CLASS,3155.74,3155.74,IMP,,,,,PM,,
IMP,B0084902,B0084902,BE758552,clt399,20/07/2010,V,D,CTX,S3,15110.03,13310.09,13310.09,1.0,1.0,99.0,31/08/2010,31/07/2015,50,15000.0,338.0,32.0,OPB007,,0,Agence Casa Sidi Belyout,28/02/2025,Restr_grpe,234,CASABLANCA,01/03/2025,,,ADR399,2,53535710,,OPB_DISPO,370.0,370.0,IMP,,,,,OPB_DISPO,,
IMP,20055309,B2EV1171,AB101585,clt91,23/02/2012,L,L,CTX,S3,12250.34,10215.93,10215.93,5.14,5.14,102.0,29/02/2012,31/01/2017,50,123750.0,2385.54,103.03,BQ011,,922,Agence Rabat Agdal,28/02/2025,INITIAL,,TEMERA,01/03/2025,VC00041,S.G.A,ADR91,235,553837431,,Auto_LOA,2488.57,12791.2498,IMP,,,,,PP,,
IMP,10049973,B1EV4598,ZT17345,clt37,07/03/2013,V,M,CTX,S3,8584.3,8112.47,8112.47,1.0,1.0,99.0,30/04/2013,31/03/2014,12,10537.0,953.81,21.27,OPB022,,917,Agence Tanger Branes,28/02/2025,Restr_grpe,1,TANGER,01/03/2025,CG00190,ASWAK ASSALAM TANGER,ADR37,3,500387011,,OPB_DISPO,975.08,975.08,IMP,,,,,OPB_DISPO,,
IMP,B0028328,B0028328,P145189,clt258,23/03/2010,V,D,CTX,S3,11100.0,10525.85,10525.85,8.5,8.5,139.0,30/04/2010,31/03/2014,48,50000.0,1290.0,100.0,OPB022,,915,Agence Meknes Ismailia,28/02/2025,INITIAL,,MEKNES,01/03/2025,,,ADR258,7,55433100,,OPB_DISPO,1390.0,11815.0,IMP,,,,,OPB_DISPO,,
IMP,28123,B0EV0195,A328120,clt12,21/01/2010,V,A,CTX,S3,45904.4,39828.59,39828.59,1.0,1.0,99.0,28/02/2010,31/01/2015,50,50000.0,1302.9,42.0,OPB022,,922,Agence Rabat Agdal,28/02/2025,Restr_grpe,,RABAT,01/03/2025,VC00075,SUZUKI MAROC,ADR12,1,40735743,,Auto_CLASS,1344.9,1344.9,IMP,,,,,PP,,
IMP,L70F5973,A70F5973,J2557,clt455,13/05/2007,L,L,CTX,S3,5554.05,5801.99,5801.99,2.29,2.29,155.0,30/05/2007,31/05/2011,48,149155.57,3557.33,0.0,BQ007,,911,Agence Agadir Shems,28/02/2025,INITIAL,,MARRAKECH,01/03/2025,VC00158,SUD CONCESSION AUTOMOBILE,ADR455,4,,,Auto_LOA,3557.33,8146.2857,IMP,,,,,PP,,
IMP,L05AB844,L05AB844,H325558,clt528,19/07/2005,L,L,CTX,S3,59480.22,50157.13,50157.13,8.93,8.93,171.0,30/07/2005,30/05/2011,50,354155.57,5455.8,0.0,BQ007,,914,Agence ElJadida SidiDaoui,28/02/2025,INITIAL,,SAFI,01/03/2025,VC00043,SQUIPAUTO,ADR528,8,,,Auto_LOA,5455.8,48720.294,IMP,,,,,PP,,
IMP,B0075870,B0075870,J48540,clt370,07/07/2010,V,D,CTX,S3,5531.25,5204.84,5204.84,1.0,1.0,99.0,31/08/2010,31/07/2015,50,20000.0,422.0,40.0,OPB101,,911,Agence Agadir Shems,28/02/2025,Restr_grpe,,INEZGANE,01/03/2025,,,ADR370,123,53800537,,OPB_DISPO,462.0,462.0,IMP,,,,,OPB_DISPO,,
IMP,L50I0108,A50I0108,S101938,clt545,08/11/2005,L,L,CTX,S3,739.85,739.85,739.85,0.57,0.57,171.0,30/11/2005,31/10/2010,48,129330.0,3044.31,0.0,BQ011,,980,Plateforme commerciale,28/02/2025,INITIAL,,NADOR,01/03/2025,VC00015,S C A M A,ADR545,28,,,Auto_LOA,3044.31,1735.2567,Bagatelle,,,,,PP,,
IMP,A90C4093,A90C4093,SH30032,clt159,01/12/2009,V,D,CTX,S3,17472.01,14979.85,14979.85,1.0,1.0,99.0,31/01/2010,31/12/2013,48,20000.0,515.0,40.0,OPB007,,911,Agence Agadir Shems,28/02/2025,Restr_grpe,,LAAYOUNE,01/03/2025,,,ADR159,54,73084511,,OPB_DISPO,555.0,555.0,IMP,,,,,OPB_DISPO,,
IMP,B0025302,B0025302,JF515,clt251,17/03/2010,V,D,CTX,S3,12554.05,11533.51,11533.51,1.0,1.0,99.0,30/04/2010,31/03/2013,35,30000.0,1052.0,50.0,OPB101,,911,Agence Agadir Shems,28/02/2025,Restr_grpe,,TAN TAN,01/03/2025,,,ADR251,52,49748085,PCX,EMPHF,1102.0,1102.0,IMP,,,,,EMPHF,,
IMP,20054499,B2EV0790,BL58800,clt85,31/01/2012,L,L,CTX,S3,52551.27,52125.03,52125.03,5.74,5.74,103.0,29/02/2012,31/01/2017,50,457710.83,9284.41,381.1,BQ021,,980,Plateforme commerciale,28/02/2025,AUTOVENDU,,CASABLANCA,01/03/2025,VC00054,SMEIA,ADR85,2,,,Auto_LOA,9665.51,55480.0274,IMP,,,,,PP,,
IMP,20055539,B2EV1333,JE201742,clt98,02/03/2012,L,L,CTX,S3,102994.48,85828.73,85828.73,25.72,25.72,122.0,31/03/2012,28/02/2017,50,190000.0,3854.04,158.2,BQ007,,927,Agence SETTAT,28/02/2025,AUTOVENDU,,TIZNIT,01/03/2025,,,ADR98,53,,,Auto_LOA,4012.24,103194.8128,IMP,,,,,PP,,
IMP,20055481,B2EV1250,D774535,clt95,28/02/2012,L,L,CTX,S3,57551.92,48051.72,48051.72,35.0,35.0,143.0,31/03/2012,28/02/2015,48,133333.33,1501.72,98.1,BQ022,,915,Agence Meknes Ismailia,28/02/2025,INITIAL,,MEKNES,01/03/2025,VC00084,SICAR AUTO,ADR95,7,553990083,,Auto_LOA,1599.82,55993.7,IMP,,,,,PP,,INJTL
IMP,A90B8808,A90B8808,M90040,clt154,17/11/2009,V,D,CTX,S3,4524.12,3858.8,3858.8,1.0,1.0,99.0,31/12/2009,30/11/2013,48,5000.0,129.0,10.0,OPB022,,914,Agence ElJadida SidiDaoui,28/02/2025,Restr_grpe,144,KHMIS ZMAMRA,01/03/2025,,,ADR154,81,77374739,PCX,EMPHF,139.0,139.0,IMP,,,,,EMPHF,,
IMP,B0050913,B0050913,AD107759,clt332,08/05/2010,V,D,CTX,S3,5779.02,5492.57,5492.57,1.0,1.0,99.0,31/07/2010,30/05/2012,24,15000.0,590.0,30.0,OPB013,,925,Agence Casa Sidi Maarouf,28/02/2025,Restr_grpe,5985923,SKHIRAT,01/03/2025,,,ADR332,821,55393493,,OPB_DISPO,620.0,620.0,IMP,,,,,OPB_DISPO,,
IMP,10050551,B1EV4955,BL15525,clt41,02/11/2011,V,A,CTX,S3,55437.34,51175.05,51175.05,1.0,1.0,99.0,31/12/2011,30/11/2013,24,100000.0,4555.58,70.0,OPB011,,980,Plateforme commerciale,28/02/2025,Restr_grpe,,CASABLANCA,01/03/2025,VC00159,RYAD AUTO,ADR41,2,557735353,,Auto_CLASS,4625.58,4625.58,IMP,,,,,PP,,
IMP,L70F1997,A70F1997,BE715535,clt452,04/07/2007,L,L,CTX,S3,43825.32,35737.79,35737.79,15.5,15.5,155.0,30/07/2007,30/05/2012,50,130000.0,2559.93,0.0,BQ022,,980,Plateforme commerciale,28/02/2025,INITIAL,,CASABLANCA,01/03/2025,VC00058,LA CONTINENTALE DE SERVICE,ADR452,2,,,Auto_LOA,2559.93,39678.915,IMP,,,,,PP,,
IMP,B0048244,B0048244,J5595,clt305,05/05/2010,V,D,CTX,S3,7558.02,5443.21,5443.21,1.0,1.0,99.0,30/05/2010,31/03/2014,45,10000.0,291.0,20.0,OPB013,,907,Agence Casa Zerktouni,28/02/2025,Restr_grpe,,CASABLANCA,01/03/2025,,,ADR305,2,33383797,,OPB_DISPO,311.0,311.0,IMP,,,,,OPB_DISPO,,
IMP,L05AB054,L05AB054,A153953,clt523,14/11/2005,L,L,CTX,S3,8855.48,7589.97,7589.97,3.83,3.83,152.0,30/11/2005,31/10/2011,50,120750.0,2478.22,0.0,BQ230,,908,Agence Rabat Ministeres,28/02/2025,INITIAL,,RABAT,01/03/2025,VC00041,S.G.A,ADR523,1,,,Auto_LOA,2478.22,9491.5826,IMP,,,,,PP,,INJTL
IMP,L05AC207,L05AC207,M275583,clt497,25/09/2005,L,L,CTX,S3,12301.55,10494.35,10494.35,4.52,4.52,175.0,10/10/2005,10/09/2010,50,145833.33,2572.87,0.0,BQ117,,980,Plateforme commerciale,28/02/2025,INITIAL,,EL JADIDA,01/03/2025,VC00014,JORF LASFAR AUTOMOBILE,ADR497,9,,,Auto_LOA,2572.87,11629.3724,IMP,,,,,PP,,INJTL
IMP,20055251,B2EV1515,SH118023,clt100,21/03/2012,L,L,CTX,S3,74855.28,52387.54,52387.54,28.0,28.0,135.0,31/03/2012,28/02/2015,48,115555.57,2573.75,97.14,BQ011,,980,Plateforme commerciale,28/02/2025,INITIAL,,AUTRES,01/03/2025,,,ADR100,999,570945555,,Auto_LOA,2670.89,74784.92,IMP,,,,,PP,,
IMP,L50I1250,A50I1250,C425290,clt547,03/01/2007,L,L,CTX,S3,58585.31,57814.84,57814.84,8.89,8.89,177.0,31/01/2007,31/12/2010,48,395750.0,7504.59,0.0,BQ011,,908,Agence Rabat Ministeres,28/02/2025,INITIAL,,RABAT,01/03/2025,VC00055,SUPER MARCHE AUTO,ADR547,1,,,Auto_LOA,7504.59,66715.8051,IMP,,,,,PP,,
IMP,11007594,B1EV5751,KB33459,clt75,19/08/2011,V,M,CTX,S3,7142.44,5825.02,5825.02,1.0,1.0,99.0,30/09/2011,31/08/2012,12,11379.0,1020.35,22.75,OPB154,,917,Agence Tanger Branes,28/02/2025,Restr_grpe,5,TANGER,01/03/2025,CG00190,ASWAK ASSALAM TANGER,ADR75,3,571341500,,OPB_DISPO,1043.1,1043.1,IMP,,,,,OPB_DISPO,,
IMP,10051570,B1EV5470,SH109184,clt53,29/11/2011,L,L,CTX,S3,40232.58,33527.25,33527.25,18.59,18.59,129.0,10/12/2011,10/11/2015,48,108333.33,2152.53,90.04,BQ011,,980,Plateforme commerciale,28/02/2025,INITIAL,,AUTRES,01/03/2025,,,ADR53,999,,,Auto_LOA,2242.57,41689.3763,IMP,,,,,PP,,
IMP,20053387,B2EV0195,BE555551,clt81,09/01/2012,L,L,CTX,S3,48840.77,40700.51,40700.51,15.21,15.21,112.0,29/02/2012,10/02/2017,50,158333.33,3211.7,131.83,BQ013,,980,Plateforme commerciale,28/02/2025,AUTOVENDU,,TANGER,01/03/2025,VC00003,UNIVERS MOTORS,ADR81,3,,,Auto_LOA,3343.53,50855.0913,IMP,,,,,PP,,
IMP,10052178,B1EV5755,Q5135,clt54,15/12/2011,L,L,CTX,S3,50575.55,42147.13,42147.13,31.17,31.17,129.0,10/01/2012,10/12/2015,50,80000.0,1522.75,171.28,BQ007,,980,Plateforme commerciale,28/02/2025,AUTOVENDU,,CASABLANCA,01/03/2025,VC00004,SOPRIAM,ADR54,2,551133758,,Auto_LOA,1694.03,52802.9151,IMP,,,,,PP,,INJTL
IMP,L05AC115,L05AC115,BH28530,clt530,15/05/2005,L,L,CTX,S3,52550.15,43995.34,43995.34,23.02,23.02,187.0,30/05/2005,31/05/2011,50,117155.57,2139.04,0.0,BQ181,,908,Agence Rabat Ministeres,28/02/2025,INITIAL,,RABAT,01/03/2025,VC00041,S.G.A,ADR530,1,,,Auto_LOA,2139.04,49240.7008,IMP,,,,,PP,,
IMP,A90D5035,A90D5035,BK78482,clt195,08/01/2010,V,D,CTX,S3,12583.99,11732.28,11732.28,1.0,1.0,99.0,28/02/2010,31/01/2014,48,30000.0,774.0,50.0,OPB007,,907,Agence Casa Zerktouni,28/02/2025,Restr_grpe,,CASABLANCA,01/03/2025,,,ADR195,2,53373507,,OPB_DISPO,824.0,824.0,IMP,,,,,OPB_DISPO,,
IMP,L70E9925,A70E9925,D100123,clt449,30/05/2007,L,L,CTX,S3,7591.35,7591.35,7591.35,0.95,0.95,171.0,30/05/2007,31/10/2010,42,200000.0,3395.09,0.0,BQ007,,903,Agence Fes Zerhoun,28/02/2025,INITIAL,,MEKNES,01/03/2025,VC00145,SAMAR AUTO,ADR449,7,,,Auto_LOA,3395.09,3225.3355,IMP,,,,,PP,,
IMP,L50J9538,A50J9538,SJ7927,clt431,27/12/2005,L,L,CTX,S3,120545.79,100811.52,100811.52,30.18,30.18,188.0,30/12/2005,30/11/2011,50,154031.57,3738.4,0.0,BQ021,,914,Agence ElJadida SidiDaoui,28/02/2025,AUTOVENDU,,BEN GUERIR,01/03/2025,VC00025,AMAN AUTOS,ADR431,41,,,Auto_LOA,3738.4,112824.912,IMP,,,,,PP,,INJTL
IMP,L70F2735,A70F2735,L153539,clt454,14/05/2007,L,L,CTX,S3,5940.55,5940.55,5940.55,0.49,0.49,170.0,30/05/2007,30/11/2010,42,304155.57,5153.37,0.0,BQ011,,913,Agence Tetouan Asmir,28/02/2025,INITIAL,,TETOUAN,01/03/2025,VC00197,AUTO LOULANTI,ADR454,5,39997510,,Auto_LOA,5153.37,2525.1513,IMP,,,,,PP,,
IMP,20055479,B2EV1259,G314033,clt94,28/02/2012,L,L,CTX,S3,52551.95,43875.55,43875.55,15.35,15.35,111.0,31/03/2012,28/02/2017,50,207500.0,3429.73,172.47,BQ225,,915,Agence Kenitra Mohamed V,28/02/2025,AUTOVENDU,,KENITRA,01/03/2025,VC00019,LES NOUVEAUX ETS EL HARRATI,ADR94,15,534717055,,Auto_LOA,3602.2,55293.77,IMP,,,,,PP,,
IMP,10052151,B1EV5757,LA79158,clt52,15/12/2011,L,L,CTX,S3,103415.75,85179.8,85179.8,14.0,14.0,122.0,10/02/2012,10/01/2015,48,275000.0,7385.84,228.97,BQ007,,980,Plateforme commerciale,28/02/2025,INITIAL,,AUTRES,01/03/2025,VC00118,GLOBAL ENGINES,ADR52,999,,,Auto_LOA,7614.81,106607.34,IMP,,,,,PP,,
IMP,B0009981,B0009981,Z400719,clt221,29/01/2010,V,D,CTX,S3,15452.0,13859.87,13859.87,1.0,1.0,99.0,28/02/2010,31/01/2015,50,20000.0,434.0,40.0,OPB022,,907,Agence Casa Zerktouni,28/02/2025,Restr_grpe,95,MOHAMMADIA,01/03/2025,,,ADR221,14,50171140,,OPB_DISPO,474.0,474.0,IMP,,,,,OPB_DISPO,,
IMP,20058920,B2EV2874,TK415,clt121,01/05/2012,V,A,CTX,S3,92889.8,85200.83,85200.83,1.0,1.0,99.0,31/07/2012,30/05/2014,24,130000.0,5192.55,91.0,OPB225,,900,SALON AUTO,28/02/2025,Restr_grpe,1,AUTRES,01/03/2025,VC00028,RENAULT MAROC,ADR121,999,551357530,,Auto_CLASS,5283.55,5283.55,IMP,,,,,PP,,
IMP,20057911,B2EV2382,SH93301,clt114,04/05/2012,L,L,CTX,S3,107120.55,89257.15,89257.15,29.47,29.47,134.0,10/05/2012,10/05/2015,48,150000.0,3534.85,124.89,BQ007,,900,SALON AUTO,28/02/2025,INITIAL,,AUTRES,01/03/2025,,,ADR114,999,,,Auto_LOA,3659.74,107852.5378,IMP,,,,,PP,,
IMP,20054897,B2EV0978,G47373,clt89,15/02/2012,V,A,CTX,S3,112543.2,105759.04,105759.04,1.0,1.0,99.0,31/03/2012,28/02/2017,50,471540.0,10777.32,330.07,OPB013,,922,Agence Rabat Agdal,28/02/2025,Restr_grpe,1,RABAT,01/03/2025,VC00022,AUTO NEJMA MAROC SA,ADR89,1,551907509,,Auto_CLASS,11107.39,11107.39,IMP,,,,,PP,,
IMP,20058037,B2EV2440,F458703,clt115,28/05/2012,V,M,CTX,S3,3394.02,3394.02,3394.02,1.0,1.0,99.0,30/05/2012,31/05/2013,12,8788.0,732.33,0.0,OPB157,,924,La Centrale Distribution,28/02/2025,Restr_grpe,4,OUJDA,01/03/2025,CG00208,ASWAK ASSALAM OUJDA,ADR115,17,557775531,,OPB_DISPO,732.33,732.33,IMP,,,,,OPB_DISPO,,
IMP,L05AC984,L05AC984,BE54855,clt504,29/12/2005,L,L,CTX,S3,875.98,875.98,875.98,0.82,0.82,159.0,10/01/2005,10/12/2010,50,107088.33,2084.55,0.0,BQ013,,980,Plateforme commerciale,28/02/2025,INITIAL,,CASABLANCA,01/03/2025,VC00010,CAC,ADR504,2,,,Auto_LOA,2084.55,1709.331,Bagatelle,,,,,PP,,
IMP,10051248,B1EV5318,BH99388,clt44,17/11/2011,L,L,CTX,S3,73993.53,51551.34,51551.34,11.35,11.35,129.0,10/12/2011,10/04/2015,41,379208.33,5512.93,305.54,BQ022,,980,Plateforme commerciale,28/02/2025,AUTOVENDU,,CASABLANCA,01/03/2025,VC00145,JAMA AUTO,ADR44,2,,,Auto_LOA,5818.47,66039.6345,IMP,,,,,PP,,
IMP,L04AB051,L04AB051,E8935P,clt453,27/08/2004,L,L,CTX,S3,118140.45,104053.77,104053.77,19.1,19.1,215.0,20/09/2004,20/08/2008,48,247083.33,5004.89,0.0,BQ022,,902,Agence Marrakech Menara,28/02/2025,INITIAL,,MARRAKECH,01/03/2025,VC00077,NOUVELLE COMPAGNIE ROYALE AUTOMOBILES,ADR453,4,,,Auto_LOA,5004.89,95593.399,IMP,,,,,PP,,
IMP,L05AA573,L05AA573,J2587,clt517,30/03/2005,L,L,CTX,S3,17357.39,14472.84,14472.84,5.0,5.0,183.0,20/04/2005,20/03/2010,48,147035.51,3184.02,0.0,BQ007,,980,Plateforme commerciale,28/02/2025,INITIAL,,CASABLANCA,01/03/2025,VC00005,TOYOTA DU MAROC,ADR517,2,,,Auto_LOA,3184.02,15920.1,IMP,,,,,PP,,INSTL
IMP,L05AA203,L05AA203,E785530,clt479,25/02/2005,L,L,CTX,S3,48532.42,42239.41,42239.41,24.99,24.99,215.0,20/03/2005,20/02/2009,48,77500.0,1849.11,0.0,BQ101,,902,Agence Marrakech Menara,28/02/2025,INITIAL,,ESSAOUIRA,01/03/2025,VC00172,MEGA AUTO,ADR479,24,,,Auto_LOA,1849.11,46209.2589,IMP,,,,,PP,,
IMP,20058179,B2EV2507,GB15148,clt115,10/05/2012,L,L,CTX,S3,79431.48,55192.99,55192.99,32.0,32.0,152.0,31/05/2012,30/04/2017,50,115557.0,2483.95,97.14,BQ230,,915,Agence Kenitra Mohamed V,28/02/2025,INITIAL,,LARACHE,01/03/2025,VC00019,LES NOUVEAUX ETS EL HARRATI,ADR115,25,551353973,,Auto_LOA,2581.09,82594.88,IMP,,,,,PP,,INSTL
IMP,28219,B0EV0227,IB70019,clt15,01/02/2010,V,A,CTX,S3,27447.75,25354.51,25354.51,1.0,1.0,99.0,31/03/2010,28/02/2015,50,158000.0,3430.97,110.5,OPB145,,980,Plateforme commerciale,28/02/2025,Restr_grpe,1,AUTRES,01/03/2025,VC00159,RYAD AUTO,ADR15,999,558433933,,Auto_CLASS,3541.47,3541.47,IMP,,,,,PP,,
NOR,C50Q4784,C50Q4784,J255959,clt1017,31/01/2025,L,L,NOR,S1,219442.73,2429.155015,0.0,1.0,1.0,1.0,31/01/2025,31/10/2028,45,225525.0,3527.51,104.24,BQ021,,911,Agence Agadir Shems,28/02/2025,INITIAL,,INEZGANE,01/03/2025,VC00005,TOYOTA DU MAROC,NR 7 CITE BADE SUD FAR DCHEIRA EL JIHADIA,123,,,Auto_LOA,3631.75,3631.75,IMP,,,,,PP,,
NOR,C50Q4458,C50Q4458,CD238595,clt945,31/01/2025,L,L,NOR,S1,288084.41,3137.38552,0.0,1.0,1.0,1.0,31/01/2025,31/01/2031,73,291555.57,4408.59,202.13,BQ270,,903,Agence Fes Zerhoun,28/02/2025,INITIAL,,FES,01/03/2025,VC00005,TOYOTA DU MAROC,AV MADINA MOUNAOUARA RCE KENZA RTE SEFROU,5,,,Auto_LOA,4610.72,4610.72,IMP,,,,,PP,,
IMP,20058882,B2EV2851,BE547131,clt120,22/05/2012,L,L,CTX,S3,104958.37,87473.57,87473.57,10.35,10.35,115.0,10/05/2012,10/05/2015,48,352413.33,10130.75,295.28,BQ007,,900,SALON AUTO,28/02/2025,AUTOVENDU,,CASABLANCA,01/03/2025,VC00010,CAC,ADR120,2,,,Auto_LOA,10426.03,107909.4105,IMP,,,,,PP,,INJTL
IMP,L05AB859,L05AB859,K5231X,clt529,23/05/2005,L,L,CTX,S3,3987.19,3574.1,3574.1,1.92,1.92,181.0,10/07/2005,10/01/2010,43,150855.57,2478.52,0.0,BQ013,,902,Agence Marrakech Menara,28/02/2025,INITIAL,,TANGER,01/03/2025,VC00011,SOCIETE BOUDERKA,ADR529,3,34430499,,Auto_LOA,2478.52,4758.7584,IMP,,,,,PP,,INJTL
IMP,20055524,B2EV1792,VA38258,clt103,30/03/2012,L,L,CTX,S3,305888.95,254907.54,254907.54,52.0,52.0,145.0,30/04/2012,31/03/2017,50,290000.0,5882.48,241.45,BQ022,,925,Agence Safi Plateau,28/02/2025,INITIAL,,MEKNES,01/03/2025,VC00043,SQUIPAUTO,ADR103,7,551101349,,Auto_LOA,6123.93,318444.36,IMP,,,,,PP,,
IMP,20058247,B2EV2537,E387757,clt117,30/03/2012,L,L,CTX,S3,87071.55,72559.58,72559.58,17.83,17.83,109.0,10/07/2012,10/05/2017,50,253250.0,4882.12,210.85,BQ225,,918,Agence Marrakech Rte Casa,28/02/2025,AUTOVENDU,,AUTRES,01/03/2025,VC00037,N C R A,ADR117,999,,,Auto_LOA,5092.97,90807.6551,IMP,,,,,PP,,
IMP,20055122,B2EV1085,J288313,clt90,28/02/2012,V,M,CTX,S3,7925.95,7335.15,7335.15,1.0,1.0,99.0,31/03/2012,28/02/2014,24,12970.0,521.2,25.94,OPB007,,924,La Centrale Distribution,28/02/2025,Restr_grpe,,AGADIR,01/03/2025,CG00191,ASWAK ASSALAM AGADIR,ADR90,10,551139005,,OPB_DISPO,547.14,547.14,IMP,,,,,OPB_DISPO,,
IMP,L05AB555,L05AB555,H249704,clt525,07/05/2005,L,L,CTX,S3,44310.4,37114.27,37114.27,14.83,14.83,190.0,10/05/2005,10/05/2010,48,113333.33,2851.95,0.0,BQ013,,914,Agence ElJadida SidiDaoui,28/02/2025,INITIAL,,SAFI,01/03/2025,VC00043,SQUIPAUTO,ADR525,8,,,Auto_LOA,2851.95,42294.4185,IMP,,,,,PP,,
IMP,20057157,B2EV2038,AD145900,clt107,30/03/2012,L,L,CTX,S3,727282.38,505058.55,505058.55,59.0,59.0,153.0,30/04/2012,31/03/2017,50,552830.0,12325.82,450.3,BQ021,,980,Plateforme commerciale,28/02/2025,INITIAL,,SKHIRAT,01/03/2025,VC00010,CAC,ADR107,821,,,Auto_LOA,12776.12,753791.08,IMP,,,,,PP,,
IMP,10051409,B1EV5399,G130715,clt50,23/11/2011,L,L,CTX,S3,28958.4,24131.95,24131.95,12.45,12.45,111.0,31/12/2011,30/11/2015,50,114583.33,2324.25,95.4,BQ007,,915,Agence Kenitra Mohamed V,28/02/2025,AUTOVENDU,,KENITRA,01/03/2025,VC00004,SOPRIAM,ADR50,15,537378351,,Auto_LOA,2419.65,30124.6425,IMP,,,,,PP,,
IMP,L05AA182,L05AA182,BE755943,clt509,09/02/2005,L,L,CTX,S3,74085.78,51933.4,51933.4,31.85,31.85,199.0,28/02/2005,31/01/2011,50,115720.0,2155.59,0.0,BQ011,,980,Plateforme commerciale,28/02/2025,INITIAL,,CASABLANCA,01/03/2025,VC00075,SUZUKI MAROC,ADR509,2,,,Auto_LOA,2155.59,68655.5415,IMP,,,,,PP,,INSTL
IMP,L05AC543,L05AC543,C325124,clt500,15/11/2005,L,L,CTX,S3,57374.9,48039.5,48039.5,21.0,21.0,191.0,30/11/2005,31/10/2010,50,135250.0,2497.22,0.0,BQ013,,904,Agence Tanger Spartel,28/02/2025,INITIAL,,TANGER,01/03/2025,VC00151,STATION AUTO CHEBRITE,ADR500,3,,,Auto_LOA,2497.22,52441.62,IMP,,,,,PP,,
IMP,L70F2555,A70F2555,BH97555,clt453,21/05/2007,L,L,CTX,S3,8795.57,8357.78,8357.78,1.92,1.92,171.0,30/05/2007,30/11/2010,42,154083.33,2533.79,0.0,BQ022,,980,Plateforme commerciale,28/02/2025,INITIAL,,CASABLANCA,01/03/2025,VC00005,TOYOTA DU MAROC,ADR453,2,,,Auto_LOA,2533.79,4864.8768,IMP,,,,,PP,,INSTL
IMP,20055857,B2EV1898,BE754547,clt104,29/05/2012,V,M,CTX,S3,18239.03,15127.38,15127.38,1.0,1.0,99.0,30/05/2012,31/05/2014,24,18119.0,857.81,35.23,OPB021,,924,La Centrale Distribution,28/02/2025,Restr_grpe,1,CASABLANCA,01/03/2025,CG00209,ASWAK ASSALAM CASABLANCA,ADR104,2,535793033,,OPB_DISPO,893.04,893.04,IMP,,,,,OPB_DISPO,,
IMP,L05AA103,L05AA103,J118588,clt507,21/02/2005,L,L,CTX,S3,77710.91,55002.25,55002.25,25.59,25.59,193.0,28/02/2005,31/01/2011,50,145871.57,2842.08,0.0,BQ021,,911,Agence Agadir Shems,28/02/2025,INITIAL,,AGADIR,01/03/2025,VC00147,KIA MOTORS MAROC,ADR507,10,,,Auto_LOA,2842.08,72728.8272,IMP,,,,,PP,,
IMP,L05AA242,L05AA242,IB24418,clt480,10/03/2005,L,L,CTX,S3,15150.11,13701.47,13701.47,5.53,5.53,183.0,10/04/2005,10/03/2010,50,140833.33,2840.57,0.0,BQ225,,904,Agence Tanger Spartel,28/02/2025,INITIAL,,TANGER,01/03/2025,VC00170,HADIR AUTO MOTORS,ADR480,3,,,Auto_LOA,2840.57,15708.3521,IMP,,,,,PP,,
IMP,10052401,B1EV5859,H308575,clt57,21/12/2011,L,L,CTX,S3,23707.1,1951.82,1951.82,1.0,1.0,120.0,31/01/2012,31/01/2015,37,105750.0,1582.53,77.85,BQ117,,925,Agence Safi Plateau,28/02/2025,INITIAL,,,01/03/2025,VC00001,AUTO HALL,ADR57,,519545888,,Auto_LOA,1660.38,1660.38,IMP,,,,,PP,,
IMP,B0032739,B0032739,FA101133,clt257,02/04/2010,V,D,CTX,S3,19203.45,17090.35,17090.35,1.0,1.0,99.0,31/05/2010,30/04/2015,50,35000.0,759.0,70.0,OPB007,,905,Agence Oujda Angad,28/02/2025,Restr_grpe,,BERKANE,01/03/2025,,,ADR257,22,57995008,,OPB_DISPO,829.0,829.0,IMP,,,,,OPB_DISPO,,
IMP,L70F0895,A70F0895,C25353,clt450,31/05/2007,L,L,CTX,S3,30003.5,30003.5,30003.5,0.95,0.95,170.0,10/05/2007,10/11/2010,42,780187.5,13244.05,0.0,BQ148,,915,Agence Meknes Ismailia,28/02/2025,INITIAL,,MEKNES,01/03/2025,VC00084,SICAR AUTO,ADR450,7,,,Auto_LOA,13244.05,12581.8475,IMP,,,,,PP,,
IMP,L04AB705,L04AB705,BJ205983,clt477,25/11/2004,L,L,CTX,S3,14774.22,12579.55,12579.55,4.54,4.54,185.0,20/12/2004,20/11/2009,50,150590.83,3314.05,0.0,BQ178,,907,Agence Casa Zerktouni,28/02/2025,INITIAL,,CASABLANCA,01/03/2025,VC00028,RENAULT MAROC,ADR477,2,,,Auto_LOA,3314.05,15045.787,IMP,,,,,PP,,INSTL
IMP,11007175,B1EV5458,L37195,clt74,29/04/2011,V,M,CTX,S3,4500.0,4500.0,4500.0,1.0,1.0,99.0,31/05/2011,29/02/2012,10,5000.0,500.0,0.0,OPB022,,917,Agence Tanger Branes,28/02/2025,Restr_grpe,4,LARACHE,01/03/2025,CG00190,ASWAK ASSALAM TANGER,ADR74,25,511103981,,OPB_DISPO,500.0,500.0,IMP,,,,,OPB_DISPO,,
IMP,L70F8147,A70F8147,BE457513,clt457,19/05/2007,L,L,CTX,S3,39058.35,32833.49,32833.49,9.41,9.41,173.0,30/05/2007,31/05/2011,48,155915.57,4079.13,0.0,BQ117,,980,Plateforme commerciale,28/02/2025,INITIAL,,EL JADIDA,01/03/2025,VC00058,LA CONTINENTALE DE SERVICE,ADR457,9,,,Auto_LOA,4079.13,38384.6133,IMP,,,,,PP,,
IMP,11007945,B1EV5994,A477552,clt79,24/11/2011,V,M,CTX,S3,8239.92,8239.92,8239.92,1.0,1.0,99.0,31/12/2011,30/11/2012,12,8989.0,749.08,0.0,OPB021,,908,Agence Rabat Ministeres,28/02/2025,Restr_grpe,1,AUTRES,01/03/2025,CG00187,ASWAK ASSALAM TEMARA,ADR79,999,551593979,,OPB_DISPO,749.08,749.08,IMP,,,,,OPB_DISPO,,
IMP,10049827,B1EV4542,JB88879,clt35,04/10/2011,V,A,CTX,S3,47090.01,41427.93,41427.93,1.0,1.0,99.0,30/11/2011,31/10/2015,50,90000.0,2057.0,53.0,OPB022,,911,Agence Agadir Shems,28/02/2025,Restr_grpe,1,AUTRES,01/03/2025,VC00089,SEDSOUSS,ADR35,999,538,,Auto_CLASS,2110.0,2110.0,IMP,,,,,PP,,
IMP,B0078253,B0078253,GM33787,clt380,01/09/2010,V,D,CTX,S3,3483.99,3413.49,3413.49,1.0,1.0,99.0,31/10/2010,30/09/2015,50,40000.0,844.0,80.0,OPB011,,903,Agence Fes Zerhoun,28/02/2025,Restr_grpe,,OUEZZANE,01/03/2025,,,ADR380,47,58955375,,OPB_DISPO,924.0,924.0,IMP,,,,,OPB_DISPO,,
IMP,B0001231,B0001231,B50885,clt200,07/01/2010,V,D,CTX,S3,9930.0,9232.98,9232.98,1.0,1.0,99.0,28/02/2010,31/01/2015,50,40000.0,959.0,80.0,OPB007,,907,Agence Casa Zerktouni,28/02/2025,Restr_grpe,,CASABLANCA,01/03/2025,,,ADR200,2,17385938,,OPB_DISPO,1039.0,1039.0,IMP,,,,,OPB_DISPO,,
IMP,10052943,B1EV5123,BJ218058,clt59,03/01/2012,V,A,CTX,S3,97948.0,77929.88,77929.88,1.0,1.0,99.0,29/02/2012,31/01/2018,72,100000.0,1897.78,70.0,OPB013,,980,Plateforme commerciale,28/02/2025,Restr_grpe,109,CASABLANCA,01/03/2025,VC00005,TOYOTA DU MAROC,ADR59,2,53330877,,Auto_CLASS,1967.78,1967.78,IMP,,,,,PP,,
IMP,11007224,B1EV5499,T180495,clt75,05/05/2011,V,M,CTX,S3,17518.99,14743.91,14743.91,1.0,1.0,99.0,30/05/2011,31/05/2014,35,15587.0,554.89,33.17,OPB230,,917,Agence Tanger Branes,28/02/2025,Restr_grpe,5457,TANGER,01/03/2025,CG00190,ASWAK ASSALAM TANGER,ADR75,3,,,OPB_DISPO,588.06,588.06,IMP,,,,,OPB_DISPO,,
IMP,20058585,B2EV2583,BJ329987,clt119,19/05/2012,L,L,CTX,S3,140371.58,115975.23,115975.23,55.0,55.0,145.0,10/07/2012,10/05/2017,50,157500.0,2552.21,131.51,BQ022,,900,SALON AUTO,28/02/2025,INITIAL,,CASABLANCA,01/03/2025,VC00250,ARIJ AUTO SARL,ADR119,2,,,Auto_LOA,2683.72,147604.6,IMP,,,,,PP,,INSTL
IMP,L50F4990,A50F4990,A223715,clt535,05/09/2005,L,L,CTX,S3,102315.58,85508.93,85508.93,31.52,31.52,192.0,30/09/2005,31/08/2011,50,147083.33,3018.57,0.0,BQ181,,980,Plateforme commerciale,28/02/2025,INITIAL,,RABAT,01/03/2025,VC00140,ITALCAR,ADR535,1,,,Auto_LOA,3018.57,95145.3264,IMP,,,,,PP,,INSTL
IMP,B0055517,B0055517,I197283,clt322,20/05/2010,V,D,CTX,S3,11805.5,10551.4,10551.4,1.0,1.0,99.0,30/05/2010,31/05/2014,48,15000.0,358.0,30.0,OPB117,,914,Agence ElJadida SidiDaoui,28/02/2025,Restr_grpe,,EL JADIDA,01/03/2025,,,ADR322,9,75017345,,OPB_DISPO,388.0,388.0,IMP,,,,,OPB_DISPO,,
IMP,10051402,B1EV5395,C987438,clt49,23/11/2011,L,L,CTX,S3,103989.35,85557.75,85557.75,24.0,24.0,142.0,30/11/2011,31/03/2015,41,304155.57,4332.89,223.87,BQ127,,903,Agence Fes Zerhoun,28/02/2025,INITIAL,,FES,01/03/2025,VC00029,BELLE AUTO,ADR49,5,,,Auto_LOA,4556.76,109362.24,IMP,,,,,PP,,
IMP,A90B7147,A90B7147,MC41139,clt151,12/11/2009,E,D,CTX,S3,5552.51,5958.98,5958.98,1.0,1.0,99.0,31/12/2009,30/11/2014,50,15000.0,325.0,10.5,1850,SOTRATOP,923,AGENCE OULFA,28/02/2025,Restr_grpe,452,CASABLANCA,01/03/2025,,,ADR151,2,40103133,PCX,EMPHF,335.5,335.5,IMP,,,,,EMPHF,,
IMP,10050270,B1EV4831,G330708,clt39,18/10/2011,L,L,CTX,S3,28925.4,24104.52,24104.52,5.0,5.0,105.0,31/10/2011,30/09/2015,50,291555.57,4820.9,242.43,BQ181,,915,Agence Kenitra Mohamed V,28/02/2025,INITIAL,,KENITRA,01/03/2025,VC00198,SOGE AUTO,ADR39,15,,,Auto_LOA,5063.33,25316.65,IMP,,,,,PP,,REFTL
IMP,L05AB919,L05AB919,E490573,clt495,25/08/2005,L,L,CTX,S3,1449.57,1449.57,1449.57,1.0,1.0,173.0,10/09/2005,10/08/2010,50,144955.57,3090.74,0.0,BQ013,,980,Plateforme commerciale,28/02/2025,INITIAL,,MARRAKECH,01/03/2025,VC00099,UNIVERS MOTORS DISTRIBUTION,ADR495,4,,,Auto_LOA,3090.74,3090.74,Bagatelle,,,,,PP,,
IMP,L05AA039,L05AA039,A253299,clt505,15/01/2005,L,L,CTX,S3,1398.05,1398.05,1398.05,0.85,0.85,159.0,31/01/2005,31/12/2010,50,155000.0,2771.49,0.0,BQ022,,908,Agence Rabat Ministeres,28/02/2025,INITIAL,,RABAT,01/03/2025,VC00147,KIA MOTORS MAROC,ADR505,1,,,Auto_LOA,2771.49,2355.7665,Bagatelle,,,,,PP,,
IMP,28318,B0EV0253,M412127,clt18,25/01/2010,V,A,CTX,S3,33870.99,31435.58,31435.58,1.0,1.0,99.0,28/02/2010,31/01/2015,50,100000.0,2171.5,70.0,OPB022,,914,Agence ElJadida SidiDaoui,28/02/2025,Restr_grpe,1,AUTRES,01/03/2025,,,ADR18,999,553374447,,Auto_CLASS,2241.5,2241.5,IMP,,,,,PP,,
IMP,10052033,B1EV5595,GA45957,clt59,14/12/2011,V,A,CTX,S3,47170.54,41310.37,41310.37,1.0,1.0,99.0,31/01/2012,31/12/2015,50,75000.0,1525.57,52.5,OPB154,,913,Agence Tetouan Asmir,28/02/2025,Restr_grpe,1,TETOUAN,01/03/2025,VC00132,TETOUAN AUTOMOBILE,ADR59,5,553578385,,Auto_CLASS,1578.07,1578.07,IMP,,,,,PP,,
IMP,L70B0180,A70B0180,E58385,clt439,09/02/2007,L,L,CTX,S3,15531.49,15531.49,15531.49,0.97,0.97,157.0,10/03/2007,10/02/2011,48,341833.33,5052.0,0.0,BQ007,,902,Agence Marrakech Menara,28/02/2025,INITIAL,,MARRAKECH,01/03/2025,VC00175,AUTO STAR MARRAKECH,ADR439,4,,,Auto_LOA,5052.0,4900.44,IMP,,,,,PP,,INSTL
IMP,B0027132,B0027132,HA45530,clt255,25/03/2010,V,D,CTX,S3,18392.01,15151.45,15151.45,1.0,1.0,99.0,30/04/2010,31/03/2013,35,20000.0,554.0,40.0,OPB225,,902,Agence Marrakech Menara,28/02/2025,Restr_grpe,,MARRAKECH,01/03/2025,,,ADR255,4,70408339,,OPB_DISPO,594.0,594.0,IMP,,,,,OPB_DISPO,,
IMP,L70A8240,A70A8240,A204555,clt438,28/02/2007,L,L,CTX,S3,2247.43,2247.43,2247.43,0.85,0.85,155.0,10/03/2007,10/02/2012,50,252955.57,4204.52,0.0,BQ007,,902,Agence Marrakech Menara,28/02/2025,INITIAL,,MARRAKECH,01/03/2025,VC00175,AUTO STAR MARRAKECH,ADR438,4,,,Auto_LOA,4204.52,3573.842,Bagatelle,,,,,PP,,
IMP,L05AA975,L05AA975,BE589095,clt522,02/05/2005,L,L,CTX,S3,38452.15,32198.1,32198.1,17.31,17.31,194.0,10/05/2005,10/04/2010,48,87750.0,2112.79,0.0,BQ007,,980,Plateforme commerciale,28/02/2025,INITIAL,,MOHAMMADIA,01/03/2025,VC00140,ITALCAR,ADR522,2,,,Auto_LOA,2112.79,36572.3949,IMP,,,,,PP,,
IMP,10051319,B1EV5349,LB23844,clt45,29/11/2011,V,A,CTX,S3,130125.58,99999.98,99999.98,1.0,1.0,99.0,31/12/2011,30/11/2015,50,100000.0,2158.75,70.0,OPB007,,915,Agence Kenitra Mohamed V,28/02/2025,Restr_grpe,1,SIDI YAHIA DU GHARB,01/03/2025,VC00004,SOPRIAM,ADR45,131,557435077,,Auto_CLASS,2228.75,2228.75,IMP,,,,,PP,,
IMP,L05AA393,L05AA393,BE499388,clt483,14/03/2005,L,L,CTX,S3,55733.28,47502.95,47502.95,23.48,23.48,201.0,10/04/2005,10/03/2010,50,135121.57,2195.5,0.0,BQ021,,980,Plateforme commerciale,28/02/2025,INITIAL,,CASABLANCA,01/03/2025,VC00179,DIAMOND MOTORS,ADR483,2,,,Auto_LOA,2195.5,51550.34,IMP,,,,,PP,,
IMP,10051718,B1EV5548,WA98352,clt55,15/03/2012,V,A,CTX,S3,11575.29,11272.25,11272.25,1.0,1.0,99.0,30/04/2012,31/03/2015,48,80000.0,2154.15,55.0,OPB011,,980,Plateforme commerciale,28/02/2025,Restr_grpe,1,CASABLANCA,01/03/2025,VC00223,LISA AUTO SA,ADR55,2,555035405,,Auto_CLASS,2209.15,2209.15,IMP,,,,,PP,,
IMP,20057224,B2EV2073,BK18028,clt108,30/03/2012,L,L,CTX,S3,72529.79,50524.91,50524.91,25.0,25.0,119.0,10/05/2012,10/04/2017,50,135433.34,2904.8,113.59,BQ007,,980,Plateforme commerciale,28/02/2025,INITIAL,,CASABLANCA,01/03/2025,VC00004,SOPRIAM,ADR108,2,,,Auto_LOA,3018.39,75459.75,IMP,,,,,PP,,
IMP,11007577,B1EV5805,K410184,clt77,07/09/2011,V,M,CTX,S3,4237.74,4101.59,4101.59,1.0,1.0,99.0,31/10/2011,30/11/2012,14,11590.0,900.75,23.18,OPB154,,917,Agence Tanger Branes,28/02/2025,Restr_grpe,5,TANGER,01/03/2025,CG00190,ASWAK ASSALAM TANGER,ADR77,3,577455735,,OPB_DISPO,923.93,923.93,IMP,,,,,OPB_DISPO,,
IMP,B0025525,B0025525,I47153,clt247,19/03/2010,V,D,CTX,S3,17818.0,17505.25,17505.25,1.0,1.0,99.0,30/04/2010,31/03/2011,12,70000.0,5183.0,140.0,OPB021,,919,Agence Beni Mellal Ouzoud,28/02/2025,Restr_grpe,,BENI MELLAL,01/03/2025,,,ADR247,33,75791335,,OPB_DISPO,5323.0,5323.0,IMP,,,,,OPB_DISPO,,
IMP,10050845,B1EV5100,E89977,clt42,11/11/2011,V,M,CTX,S3,3070.0,3070.0,3070.0,1.0,1.0,99.0,31/12/2011,31/05/2013,18,13815.0,757.5,0.0,OPB145,,918,Agence Marrakech Rte Casa,28/02/2025,Restr_grpe,,MARRAKECH,01/03/2025,CG00212,ASWAK ASSALAM MARRAKECH,ADR42,4,44311938,,OPB_DISPO,757.5,757.5,IMP,,,,,OPB_DISPO,,
IMP,10050351,B1EV4853,E384159,clt40,20/10/2011,L,L,CTX,S3,87714.2,73095.12,73095.12,28.0,28.0,128.0,31/10/2011,30/09/2015,50,152500.0,3132.55,135.3,BQ013,,913,Agence Tetouan Asmir,28/02/2025,INITIAL,,AUTRES,01/03/2025,VC00204,AUTO INOVA SARL,ADR40,999,,,Auto_LOA,3267.85,91499.8,IMP,,,,,PP,,
IMP,20055278,B2EV1525,JB259725,clt102,18/04/2012,V,A,CTX,S3,400525.73,320988.53,320988.53,1.0,1.0,99.0,31/05/2012,30/04/2017,50,427420.58,9758.95,299.19,OPB013,,918,Agence Marrakech Rte Casa,28/02/2025,Restr_grpe,1,AUTRES,01/03/2025,,,ADR102,999,558585409,,Auto_CLASS,10058.14,10058.14,IMP,,,,,PP,,
IMP,A90D3278,A90D3278,T92055,clt185,24/12/2009,V,D,CTX,S3,10877.22,8871.44,8871.44,1.0,1.0,99.0,31/01/2010,31/12/2014,50,10900.0,235.0,21.8,OPB022,,905,Agence Sale Tabrikt,28/02/2025,Restr_grpe,,MOHAMMADIA,01/03/2025,,,ADR185,14,58758785,,OPB_DISPO,256.8,256.8,IMP,,,,,OPB_DISPO,,
IMP,20055752,B2EV1407,JF25583,clt99,07/03/2012,L,L,CTX,S3,71355.48,59471.35,59471.35,33.97,33.97,141.0,31/03/2012,28/02/2015,48,91555.57,2100.8,75.32,BQ011,,980,Plateforme commerciale,28/02/2025,INITIAL,,AUTRES,01/03/2025,,,ADR99,999,575838458,,Auto_LOA,2176.12,73922.7964,IMP,,,,,PP,,REFTL
IMP,20057782,B2EV2325,X115258,clt113,31/03/2012,L,L,CTX,S3,59207.23,49339.27,49339.27,27.0,27.0,120.0,31/05/2012,30/04/2017,50,113750.0,2192.85,94.71,BQ007,,915,Agence Kenitra Mohamed V,28/02/2025,INITIAL,,KENITRA,01/03/2025,VC00243,VENICIA MOTORS,ADR113,15,551884437,,Auto_LOA,2287.56,61764.12,IMP,,,,,PP,,
IMP,B0050515,B0050515,BK253912,clt310,05/05/2010,V,D,CTX,S3,2937.99,2789.05,2789.05,1.0,1.0,99.0,30/05/2010,31/05/2014,48,15000.0,423.0,30.0,OPB022,,925,Agence Casa Sidi Maarouf,28/02/2025,Restr_grpe,40958,CASABLANCA,01/03/2025,,,ADR310,2,50788758,,OPB_DISPO,453.0,453.0,IMP,,,,,OPB_DISPO,,
IMP,L50F4428,A50F4428,G93817,clt534,15/09/2005,L,L,CTX,S3,33078.95,27855.01,27855.01,8.35,8.35,180.0,10/10/2005,10/09/2010,48,180121.57,3900.5,0.0,BQ181,,980,Plateforme commerciale,28/02/2025,INITIAL,,,01/03/2025,VC00001,AUTO HALL,ADR534,15,,,Auto_LOA,3900.5,32569.175,IMP,,,,,PP,,
IMP,20055999,B2EV1951,BE583970,clt105,29/05/2012,V,M,CTX,S3,24331.79,20710.52,20710.52,1.0,1.0,99.0,30/05/2012,31/05/2015,35,25488.0,858.03,50.97,OPB011,,924,La Centrale Distribution,28/02/2025,Restr_grpe,5,CASABLANCA,01/03/2025,CG00209,ASWAK ASSALAM CASABLANCA,ADR105,2,555854815,,OPB_DISPO,909.0,909.0,IMP,,,,,OPB_DISPO,,
IMP,B0025858,B0025858,A112904,clt249,09/03/2010,C,D,CTX,S3,2817.01,1944.17,1944.17,1.0,1.0,99.0,30/04/2010,31/03/2017,84,55000.0,939.0,99.0,CMR,Retraite de la CMR,905,Agence Sale Tabrikt,28/02/2025,SINISTRE,541805,TEMERA,01/03/2025,,,ADR249,235,37540144,PCX,EMPHF,1038.0,1038.0,IMP,,,,,EMPHF,,
IMP,L05AA705,L05AA705,L110780,clt519,17/04/2005,L,L,CTX,S3,20925.42,17580.95,17580.95,14.57,14.57,194.0,30/04/2005,31/01/2010,45,85333.33,1345.37,0.0,BQ007,,903,Agence Fes Zerhoun,28/02/2025,INITIAL,,FES,01/03/2025,VC00145,SAMAR AUTO,ADR519,5,,,Auto_LOA,1345.37,19602.0409,IMP,,,,,PP,,
IMP,L04AB242,L04AB242,A251259,clt471,03/09/2004,L,L,CTX,S3,1254.3,1254.3,1254.3,0.94,0.94,197.0,10/09/2004,10/08/2008,48,133333.33,2484.83,0.0,BQ225,,904,Agence Tanger Spartel,28/02/2025,INITIAL,,LARACHE,01/03/2025,VC00015,S C A M A,ADR471,25,,,Auto_LOA,2484.83,2335.7402,Bagatelle,,,,,PP,,
IMP,28273,B0EV0245,M54100,clt17,01/02/2010,V,A,CTX,S3,154740.29,130539.53,130539.53,1.0,1.0,99.0,31/03/2010,28/02/2015,50,145000.0,3148.58,101.5,OPB011,,914,Agence ElJadida SidiDaoui,28/02/2025,Restr_grpe,,EL JADIDA,01/03/2025,VC00220,Z-TRONIC,ADR17,9,33343345,,Auto_CLASS,3250.08,3250.08,IMP,,,,,PP,,
IMP,L05AB335,L05AB335,B455758,clt491,29/05/2005,L,L,CTX,S3,2305.44,2192.58,2192.58,1.22,1.22,189.0,30/05/2005,31/05/2009,48,152330.0,2728.53,0.0,BQ022,,908,Agence Rabat Ministeres,28/02/2025,INITIAL,,SALE,01/03/2025,VC00147,KIA MOTORS MAROC,ADR491,1,,,Auto_LOA,2728.53,3328.8066,Bagatelle,,,,,PP,,
IMP,10051874,B1EV5524,BJ252179,clt58,14/12/2011,V,A,CTX,S3,52557.77,45222.01,45222.01,1.0,1.0,99.0,31/01/2012,31/12/2015,50,100000.0,2285.55,70.0,OPB007,,980,Plateforme commerciale,28/02/2025,Restr_grpe,1,CASABLANCA,01/03/2025,VC00028,RENAULT MAROC,ADR58,2,519531380,,Auto_CLASS,2355.55,2355.55,IMP,,,,,PP,,
IMP,10051272,B1EV5328,LC382,clt45,17/11/2011,L,L,CTX,S3,85352.31,71135.19,71135.19,15.94,15.94,115.0,30/11/2011,31/10/2015,50,254083.33,5355.79,219.88,BQ154,,913,Agence Tetouan Asmir,28/02/2025,AUTOVENDU,,CHEFCHAOUEN,01/03/2025,VC00254,SLAOUI AUTO,ADR45,159,1,,Auto_LOA,5575.67,88876.1798,IMP,,,,,PP,,
IMP,L50J9001,A50J9001,A520129,clt430,02/01/2007,L,L,CTX,S3,770.0,770.0,770.0,1.0,1.0,157.0,31/01/2007,31/12/2011,50,77000.0,1532.58,0.0,BQ350,,908,Agence Rabat Ministeres,28/02/2025,INITIAL,,RABAT,01/03/2025,VC00147,KIA MOTORS MAROC,ADR430,1,,,Auto_LOA,1532.58,1532.58,Bagatelle,,,,,PP,,
IMP,L05AC592,L05AC592,C421877,clt501,19/12/2005,L,L,CTX,S3,125881.57,109100.28,109100.28,54.73,54.73,223.0,20/01/2005,20/12/2010,50,142833.33,2144.33,0.0,BQ127,,903,Agence Fes Zerhoun,28/02/2025,SINISTRE,,TAZA,01/03/2025,VC00145,SAMAR AUTO,ADR501,18,,,Auto_LOA,2144.33,117359.1809,IMP,,,,,PP,,REFTL
IMP,20055543,B2EV1290,A217415,clt97,29/03/2012,V,M,CTX,S3,11837.31,10297.97,10297.97,1.0,1.0,99.0,30/04/2012,31/03/2014,24,10298.0,493.22,20.59,OPB181,,924,La Centrale Distribution,28/02/2025,Restr_grpe,1,SALE,01/03/2025,CG00187,ASWAK ASSALAM TEMARA,ADR97,235,559003730,,OPB_DISPO,513.81,513.81,IMP,,,,,OPB_DISPO,,
IMP,L70A5258,A70A5258,MC35113,clt434,31/01/2007,L,L,CTX,S3,53512.57,44774.45,44774.45,25.3,25.3,181.0,28/02/2007,31/01/2012,50,108333.33,1977.77,0.0,BQ019,,911,Agence Agadir Shems,28/02/2025,SINISTRE,,GUELMIM,01/03/2025,VC00149,CFAO MOTORS,ADR434,75,,,Auto_LOA,1977.77,50037.581,IMP,,,,,PP,,
IMP,L05AA821,L05AA821,H204971,clt520,25/04/2005,L,L,CTX,S3,87191.91,72894.47,72894.47,27.54,27.54,192.0,20/05/2005,20/04/2011,50,140753.33,2953.39,0.0,BQ011,,980,Plateforme commerciale,28/02/2025,INITIAL,,CASABLANCA,01/03/2025,VC00003,UNIVERS MOTORS,ADR520,2,,,Auto_LOA,2953.39,81336.3606,IMP,,,,,PP,,
IMP,L05AC087,L05AC087,BE35342E,clt495,05/10/2005,L,L,CTX,S3,1003.8,1003.8,1003.8,0.88,0.88,172.0,10/10/2005,10/09/2010,50,113555.57,2030.95,0.0,BQ230,,902,Agence Marrakech Menara,28/02/2025,INITIAL,,MARRAKECH,01/03/2025,VC00001,AUTO HALL,ADR495,4,,,Auto_LOA,2030.95,1787.236,Bagatelle,,,,,PP,,
IMP,10052153,B1EV5758,BE807912,clt53,15/12/2011,L,L,CTX,S3,270970.84,225809.08,225809.08,28.0,28.0,145.0,10/03/2012,10/03/2015,37,504788.83,9577.53,405.95,BQ013,,918,Agence Marrakech Rte Casa,28/02/2025,INITIAL,,CASABLANCA,01/03/2025,VC00054,SMEIA,ADR53,2,551058185,,Auto_LOA,9983.48,279537.44,IMP,,,,,PP,,
IMP,L50H9375,A50H9375,SH11185,clt544,15/11/2005,L,L,CTX,S3,71340.31,59599.44,59599.44,25.83,25.83,203.0,30/11/2005,31/03/2010,41,149450.83,2578.2,0.0,BQ022,,980,Plateforme commerciale,28/02/2025,INITIAL,,LAAYOUNE,01/03/2025,VC00005,TOYOTA DU MAROC,ADR544,54,,,Auto_LOA,2578.2,66594.906,IMP,,,,,PP,,
IMP,28199,B0EV0214,K354292,clt13,29/01/2010,V,M,CTX,S3,2945.25,2853.51,2853.51,1.0,1.0,99.0,28/02/2010,31/01/2014,48,23990.0,552.55,47.98,OPB154,,913,Agence Tetouan Asmir,28/02/2025,Restr_grpe,1,TANGER,01/03/2025,CM00059,STE FRANCISCO BARROSO,ADR13,3,57147548,,OPB_DISPO,600.53,600.53,IMP,,,,,OPB_DISPO,,
IMP,L50F9330,A50F9330,B58914,clt537,05/09/2005,L,L,CTX,S3,1413.33,1413.33,1413.33,0.84,0.84,151.0,20/09/2005,20/08/2011,50,158333.33,3454.79,0.0,BQ021,,980,Plateforme commerciale,28/02/2025,INITIAL,,CASABLANCA,01/03/2025,VC00145,JAMA AUTO,ADR537,2,33345530,,Auto_LOA,3454.79,2902.0236,Bagatelle,,,,,PP,,
IMP,L70A5578,A70A5578,BE545292,clt435,09/02/2007,L,L,CTX,S3,48859.31,40945.72,40945.72,15.32,15.32,171.0,10/03/2007,10/02/2012,50,138355.57,2839.77,0.0,BQ007,,980,Plateforme commerciale,28/02/2025,INITIAL,,CASABLANCA,01/03/2025,VC00004,SOPRIAM,ADR435,2,,,Auto_LOA,2839.77,43505.2764,IMP,,,,,PP,,
IMP,L70A4558,A70A4558,BK229337,clt433,19/01/2007,L,L,CTX,S3,48757.38,40754.72,40754.72,28.43,28.43,185.0,31/01/2007,31/12/2011,50,74083.33,1504.43,0.0,BQ011,,980,Plateforme commerciale,28/02/2025,INITIAL,,CASABLANCA,01/03/2025,VC00118,GLOBAL ENGINES,ADR433,2,,,Auto_LOA,1504.43,42770.9449,IMP,,,,,PP,,
IMP,B0021475,B0021475,BH425007,clt240,22/03/2010,V,D,CTX,S3,11971.01,11309.39,11309.39,1.0,1.0,99.0,30/04/2010,31/03/2014,48,40000.0,1032.0,80.0,OPB011,,907,Agence Casa Zerktouni,28/02/2025,Restr_grpe,,MEDIOUNA,01/03/2025,,,ADR240,91,53387731,,OPB_DISPO,1112.0,1112.0,IMP,,,,,OPB_DISPO,,
IMP,L05AA328,L05AA328,J242512,clt481,27/04/2005,L,L,CTX,S3,1235.05,1235.05,1235.05,0.87,0.87,189.0,31/05/2005,30/04/2009,48,141333.33,2501.5,0.0,BQ021,,911,Agence Agadir Shems,28/02/2025,INITIAL,,AGADIR,01/03/2025,VC00121,ETS J.BENZIANE,ADR481,10,,,Auto_LOA,2501.5,2176.305,Bagatelle,,,,,PP,,
IMP,20055438,B2EV1234,BK158105,clt93,27/02/2012,L,L,CTX,S3,59928.42,49940.35,49940.35,23.48,23.48,118.0,10/04/2012,10/03/2017,50,125833.33,2552.45,104.77,BQ021,,980,Plateforme commerciale,28/02/2025,AUTOVENDU,,BERRECHID,01/03/2025,VC00202,MONZA MOTORS,ADR93,39,533539538,,Auto_LOA,2657.22,62391.5256,IMP,,,,,PP,,
IMP,10049743,B1EV4509,G198750,clt35,29/09/2011,L,L,CTX,S3,115908.44,95590.39,95590.39,45.0,45.0,145.0,31/10/2011,30/09/2015,50,155833.33,2575.74,129.53,BQ225,,915,Agence Kenitra Mohamed V,28/02/2025,INITIAL,,KENITRA,01/03/2025,VC00198,SOGE AUTO,ADR35,15,551418804,,Auto_LOA,2705.27,121737.15,IMP,,,,,PP,,REFTL
NOR,C50Q4572,C50Q4572,MC30448,clt954,31/01/2025,L,L,NOR,S1,390222.33,4315.509796,0.0,1.0,1.0,1.0,31/01/2025,31/12/2028,48,399921.57,5954.05,200.15,BQ570,,905,Agence Oujda Angad,28/02/2025,INITIAL,,OUJDA,01/03/2025,VC00054,SMEIA,,,,,Auto_LOA,6154.2,6154.2,IMP,,,,,PP,,
IMP,L05AC514,L05AC514,F500078,clt499,04/01/2005,L,L,CTX,S3,38315.75,32128.37,32128.37,13.77,13.77,182.0,31/01/2005,31/12/2010,50,119155.57,2555.05,0.0,BQ157,,905,Agence Oujda Angad,28/02/2025,INITIAL,,OUJDA,01/03/2025,VC00001,AUTO HALL,ADR499,17,71783759,,Auto_LOA,2555.05,35183.0385,IMP,,,,,PP,,
IMP,20057524,B2EV2197,N880520,clt110,24/04/2012,L,L,CTX,S3,23858.75,19882.3,19882.3,15.73,15.73,123.0,31/05/2012,28/02/2015,45,87500.0,1515.58,72.5,BQ007,,925,Agence Safi Plateau,28/02/2025,INITIAL,,AUTRES,01/03/2025,VC00215,STE M'DASNI SARL,ADR110,999,551095759,,Auto_LOA,1588.08,24980.4984,IMP,,,,,PP,,
IMP,28028,B0EV0152,A785039,clt10,08/02/2010,V,M,CTX,S3,57078.21,50302.32,50302.32,1.0,1.0,99.0,31/03/2010,28/02/2014,48,137000.0,3725.57,274.0,OPB022,,924,La Centrale Distribution,28/02/2025,Restr_grpe,1,RABAT,01/03/2025,VV00019,TRANSWORLD MOTOSPORTS MAROC,ADR10,1,537,,OPB_DISPO,3999.57,3999.57,IMP,,,,,OPB_DISPO,,
IMP,A90D4455,A90D4455,BJ350129,clt190,05/01/2010,V,D,CTX,S3,8735.01,7732.85,7732.85,1.0,1.0,99.0,28/02/2010,31/01/2014,48,10000.0,245.0,20.0,OPB021,,907,Agence Casa Zerktouni,28/02/2025,Restr_grpe,851,CASABLANCA,01/03/2025,,,ADR190,2,53575573,,OPB_DISPO,265.0,265.0,IMP,,,,,OPB_DISPO,,
IMP,20057035,B2EV1982,Z334325,clt105,24/04/2012,V,M,CTX,S3,10551.15,10551.15,10551.15,1.0,1.0,99.0,31/05/2012,31/07/2013,15,13313.95,887.5,0.0,OPB007,,915,Agence Meknes Ismailia,28/02/2025,Restr_grpe,,MEKNES,01/03/2025,,,ADR105,7,53394358,,OPB_DISPO,887.5,887.5,IMP,,,,,OPB_DISPO,,
IMP,L05AA422,L05AA422,PP807010,clt515,15/03/2005,L,L,CTX,S3,52330.07,44019.27,44019.27,12.4,12.4,178.0,10/04/2005,10/03/2011,50,245541.57,4008.55,0.0,BQ021,,902,Agence Marrakech Menara,28/02/2025,INITIAL,,MARRAKECH,01/03/2025,VC00075,SUZUKI MAROC,ADR515,4,,,Auto_LOA,4008.55,49706.02,IMP,,,,,PP,,
IMP,980X4503,980X4503,D193108,clt134,11/12/1998,V,A,CTX,S3,284855.98,232557.25,232557.25,1.0,1.0,99.0,28/02/1999,31/01/2002,35,300000.0,10955.0,0.0,OPB021,,0,Agence Casa Sidi Belyout,28/02/2025,Restr_grpe,,AGADIR,01/03/2025,VC00032,SODISMA,ADR134,10,,,Auto_CLASS,10955.0,10955.0,IMP,,,,,PP,,
IMP,L05AB112,L05AB112,JOO7933B,clt489,19/07/2005,L,L,CTX,S3,58407.3,49134.58,49134.58,10.45,10.45,197.0,31/07/2005,30/05/2009,48,277155.57,5250.95,0.0,BQ022,,911,Agence Agadir Shems,28/02/2025,INITIAL,,AGADIR,01/03/2025,VC00147,KIA MOTORS MAROC,ADR489,10,,,Auto_LOA,5250.95,54872.4275,IMP,,,,,PP,,
IMP,L50E7910,A50E7910,Y124914,clt531,31/07/2005,L,L,CTX,S3,152142.77,135502.55,135502.55,34.19,34.19,208.0,10/08/2005,10/07/2010,48,183333.33,4453.55,0.0,BQ225,,902,Agence Marrakech Menara,28/02/2025,INITIAL,,KALAA S'RAGHNA,01/03/2025,VC00193,UNIVERS ENGINS,ADR531,32,,,Auto_LOA,4453.55,152266.8745,IMP,,,,,PP,,REFTL
IMP,L05AB853,L05AB853,E59754,clt494,12/08/2005,L,L,CTX,S3,2201.02,2185.57,2185.57,1.02,1.02,185.0,10/09/2005,10/08/2009,48,210833.33,3305.95,0.0,BQ021,,902,Agence Marrakech Menara,28/02/2025,INITIAL,,MARRAKECH,01/03/2025,VC00001,AUTO HALL,ADR494,4,,,Auto_LOA,3305.95,3372.069,Bagatelle,,,,,PP,,
IMP,B0057325,B0057325,BE578591,clt325,18/05/2010,V,D,CTX,S3,5957.0,5522.0,5522.0,1.0,1.0,99.0,30/05/2010,31/05/2015,50,32000.0,773.0,54.0,OPB022,,0,Agence Casa Sidi Belyout,28/02/2025,Restr_grpe,149,CASABLANCA,01/03/2025,,,ADR325,2,51074305,,OPB_DISPO,827.0,827.0,IMP,,,,,OPB_DISPO,,
IMP,A90B7905,A90B7905,I249750,clt152,13/11/2009,F,D,CTX,S3,2503.7,2404.23,2404.23,1.0,1.0,99.0,31/12/2009,30/11/2019,120,27000.0,424.0,18.9,3501,MEN ENSEIGN. FONDAMENTAL (S.C),918,Agence Marrakech Rte Casa,28/02/2025,Restr_grpe,1125535,MARRAKECH,01/03/2025,,,ADR152,4,59345445,PCX,EMPHF,442.9,442.9,IMP,,,,,EMPHF,,
IMP,A90B8510,A90B8510,MA97529,clt153,23/11/2009,E,D,CTX,S3,12045.98,10200.3,10200.3,1.0,1.0,99.0,31/12/2009,30/11/2014,50,15000.0,325.0,10.5,2175,BELDINDE,905,Agence Sale Tabrikt,28/02/2025,Restr_grpe,1250,EL JADIDA,01/03/2025,,,ADR153,9,35519493,PCX,EMPHF,335.5,335.5,IMP,,,,,EMPHF,,
IMP,980Y2791,980Y2791,W157197,clt141,14/12/1998,V,A,CTX,S3,55488.09,45504.19,45504.19,1.0,1.0,99.0,28/02/1999,31/01/2003,48,80000.0,2422.0,0.0,OPB133,,0,Agence Casa Sidi Belyout,28/02/2025,Restr_grpe,,KENITRA,01/03/2025,VC00020,DELTA MOTORS,ADR141,15,7374450,,Auto_CLASS,2422.0,2422.0,IMP,,,,,PP,,
IMP,L05AA215,L06AA216,K8401Q,clt511,21/02/2005,L,L,CTX,S3,34078.4,28537.37,28537.37,15.12,15.12,193.0,10/03/2005,10/03/2010,49,143250.0,2118.91,0.0,BQ022,,904,Agence Tanger Spartel,28/02/2025,INITIAL,,TANGER,01/03/2025,VC00151,STATION AUTO CHEBRITE,ADR511,3,,,Auto_LOA,2118.91,32037.9192,IMP,,,,,PP,,
IMP,L05AC735,L05AC735,BE57074,clt502,17/01/2005,L,L,CTX,S3,3305.82,2949.99,2949.99,1.92,1.92,181.0,10/02/2005,10/01/2010,48,115583.33,2082.51,0.0,BQ022,,913,Agence Tetouan Asmir,28/02/2025,SINISTRE,,TETOUAN,01/03/2025,VC00005,TOYOTA DU MAROC,ADR502,5,,,Auto_LOA,2082.51,3998.4192,IMP,,,,,PP,,INSTL
IMP,L50E9245,A50E9245,BE755524,clt532,24/08/2005,L,L,CTX,S3,754.37,754.37,754.37,1.0,1.0,151.0,10/09/2005,10/08/2011,50,75435.57,1395.45,0.0,BQ022,,980,Plateforme commerciale,28/02/2025,INITIAL,,CASABLANCA,01/03/2025,VC00118,GLOBAL ENGINES,ADR532,2,,,Auto_LOA,1395.45,1395.45,Bagatelle,,,,,PP,,
IMP,10051809,B1EV5590,G145013,clt57,05/12/2011,L,L,CTX,S3,54090.78,45075.55,45075.55,5.0,5.0,125.0,31/01/2012,31/01/2015,37,555583.33,9015.13,417.11,BQ022,,915,Agence Kenitra Mohamed V,28/02/2025,INITIAL,,KENITRA,01/03/2025,VC00052,UMAG,ADR57,15,537371351,,Auto_LOA,9432.24,47161.2,IMP,,,,,PP,,REFTL
IMP,L05AA245,L05AA245,T13825,clt513,14/03/2005,L,L,CTX,S3,14524.25,12371.47,12371.47,5.19,5.19,173.0,30/03/2005,28/02/2011,50,150745.57,2280.53,0.0,BQ022,,914,Agence ElJadida SidiDaoui,28/02/2025,INITIAL,,CASABLANCA,01/03/2025,VC00025,AMAN AUTOS,ADR513,15,51589537,,Auto_LOA,2280.53,11835.9507,IMP,,,,,PP,,
IMP,A90B8924,A90B8924,S285409,clt155,15/11/2009,E,D,CTX,S3,15474.07,10282.58,10282.58,1.0,1.0,99.0,31/01/2010,31/12/2017,95,10500.0,178.0,7.35,170811,170811,907,Agence Casa Zerktouni,28/02/2025,Restr_grpe,134,NADOR,01/03/2025,,,ADR155,28,51935455,PCX,EMPHF,185.35,185.35,IMP,,,,,EMPHF,,
IMP,L05AA215,L06AA215,K150539,clt510,20/02/2005,L,L,CTX,S3,149233.52,127109.4,127109.4,34.35,34.35,212.0,10/03/2005,10/03/2010,49,277155.57,4099.75,0.0,BQ154,,904,Agence Tanger Spartel,28/02/2025,INITIAL,,TANGER,01/03/2025,VC00151,STATION AUTO CHEBRITE,ADR510,3,,,Auto_LOA,4099.75,140826.4125,IMP,,,,,PP,,REFTL
IMP,10052403,B1EV5850,BE78454,clt58,07/02/2012,V,M,CTX,S3,15311.54,15311.54,15311.54,1.0,1.0,99.0,31/03/2012,28/02/2014,24,25098.5,1087.44,0.0,OPB007,,924,La Centrale Distribution,28/02/2025,Restr_grpe,1,CASABLANCA,01/03/2025,,,ADR58,2,551818774,,OPB_DISPO,1087.44,1087.44,IMP,,,,,OPB_DISPO,,
NOR,C50Q7577,C50Q7577,H305834,clt558,08/02/2025,F,D,NOR,S1,100549.95,534.094748,0.0,1.0,1.0,0.0,31/03/2025,28/02/2035,120,100550.0,1339.87,105.55,3401,ENSEIGNEMENT SUP. F.C & R.S.,925,Agence Safi Plateau,28/02/2025,INITIAL,1155905,SAFI,01/03/2025,,,ADR558,8,700113907,PCX,EMPHF,1445.42,0.0,IMP,,,,,EMPHF,,
IMP,L04AB424,L04AB424,B440333,clt473,02/09/2004,L,L,CTX,S3,18021.15,15415.05,15415.05,3.41,3.41,200.0,30/09/2004,31/08/2008,48,238458.34,5795.28,0.0,BQ007,,909,BELVEDERE,28/02/2025,INITIAL,,CASABLANCA,01/03/2025,VC00022,AUTO NEJMA MAROC SA,ADR473,2,,,Auto_LOA,5795.28,19761.9048,IMP,,,,,PP,,REFTL
IMP,L70A7875,A70A7875,L252872,clt437,20/02/2007,L,L,CTX,S3,75779.4,55952.04,55952.04,17.92,17.92,185.0,28/02/2007,31/01/2011,48,237500.0,3515.99,0.0,BQ154,,913,Agence Tetouan Asmir,28/02/2025,INITIAL,,TETOUAN,01/03/2025,VC00150,GLOBAL MOTORS,ADR437,5,,,Auto_LOA,3515.99,63006.5408,IMP,,,,,PP,,
NOR,C50Q7575,C50Q7575,OD17887,clt555,19/02/2025,C,D,NOR,S1,13399.94,84.419522,0.0,1.0,1.0,0.0,31/03/2025,28/02/2030,50,13400.0,284.05,18.4,CMR,Retraite de la CMR,925,Agence Safi Plateau,28/02/2025,INITIAL,5011978,GUELMIM,01/03/2025,,,ADR555,75,533359511,PCX,EMPHF,302.45,0.0,IMP,,,,,EMPHF,,
IMP,11007095,B1EV5402,K405138,clt73,18/04/2011,V,M,CTX,S3,9899.14,9507.45,9507.45,1.0,1.0,99.0,31/05/2011,30/04/2012,12,18079.0,1521.14,35.15,OPB013,,917,Agence Tanger Branes,28/02/2025,Restr_grpe,5,TANGER,01/03/2025,CG00190,ASWAK ASSALAM TANGER,ADR73,3,551340581,,OPB_DISPO,1556.29,1556.29,IMP,,,,,OPB_DISPO,,
IMP,L05AA323,L05AA323,A251259,clt515,08/05/2005,L,L,CTX,S3,11235.49,9908.24,9908.24,1.92,1.92,178.0,10/05/2005,10/04/2010,48,327200.0,7955.21,0.0,BQ225,,904,Agence Tanger Spartel,28/02/2025,INITIAL,,LARACHE,01/03/2025,VC00001,AUTO HALL,ADR515,25,,,Auto_LOA,7955.21,15274.0032,IMP,,,,,PP,,REFTL
IMP,B0073405,B0073405,AB51081,clt351,24/05/2010,V,D,CTX,S3,17530.87,14059.17,14059.17,1.0,1.0,99.0,31/07/2010,30/05/2015,50,15000.0,317.0,30.0,OPB350,,907,Agence Casa Zerktouni,28/02/2025,Restr_grpe,,SALE,01/03/2025,,,ADR351,235,73735375,,OPB_DISPO,347.0,347.0,IMP,,,,,OPB_DISPO,,
NOR,C50Q4525,C50Q4525,CD25255,clt951,31/01/2025,L,L,NOR,S1,387899.45,3857.450174,0.0,1.0,1.0,1.0,31/01/2025,31/12/2028,48,399921.57,4541.19,123.18,BQ780,,930,MLY Ismail,28/02/2025,INITIAL,,CASABLANCA,01/03/2025,VC00054,SMEIA,550 BD MOHAMED V ETG 2 APPT 22 RES ACCACIA H BELVEDERE,2,,,Auto_LOA,4664.37,4664.37,IMP,,,,,PP,,
IMP,B0033598,B0033598,BH511590,clt270,05/04/2010,V,D,CTX,S3,17155.01,15345.53,15345.53,1.0,1.0,99.0,31/05/2010,30/04/2015,50,80000.0,1735.0,150.0,OPB117,,914,Agence ElJadida SidiDaoui,28/02/2025,Restr_grpe,,EL JADIDA,01/03/2025,,,ADR270,9,50338333,,OPB_DISPO,1885.0,1885.0,IMP,,,,,OPB_DISPO,,
IMP,B0073205,B0073205,TA45784,clt350,14/07/2010,V,D,CTX,S3,4355.97,4102.18,4102.18,1.0,1.0,99.0,31/08/2010,31/07/2015,50,15000.0,317.0,30.0,OPB178,,907,Agence Casa Zerktouni,28/02/2025,Restr_grpe,5,CASABLANCA,01/03/2025,,,ADR350,2,73507377,,OPB_DISPO,347.0,347.0,IMP,,,,,OPB_DISPO,,
IMP,B0077842,B0077842,BE758428,clt378,08/07/2010,V,D,CTX,S3,5702.99,5891.28,5891.28,1.0,1.0,99.0,31/08/2010,31/07/2015,50,10000.0,211.0,20.0,OPB350,,907,Agence Casa Zerktouni,28/02/2025,Restr_grpe,1045,CASABLANCA,01/03/2025,,,ADR378,2,70000000,,OPB_DISPO,231.0,231.0,IMP,,,,,OPB_DISPO,,
IMP,L50H3218,A50H3218,BK145543,clt541,11/10/2005,L,L,CTX,S3,78848.85,55897.48,55897.48,28.41,28.41,188.0,30/10/2005,30/09/2011,50,114008.33,2598.33,0.0,BQ011,,980,Plateforme commerciale,28/02/2025,INITIAL,,CASABLANCA,01/03/2025,VC00010,CAC,ADR541,2,,,Auto_LOA,2598.33,73818.5553,IMP,,,,,PP,,
IMP,20057592,B2EV2280,E414255,clt112,31/03/2012,L,L,CTX,S3,400295.35,334912.72,334912.72,30.98,30.98,148.0,10/05/2012,10/04/2017,50,525000.0,12577.77,520.39,BQ230,,914,Agence ElJadida SidiDaoui,28/02/2025,INITIAL,,AUTRES,01/03/2025,VC00245,DELTA AUTO ETOILE,ADR112,999,551184745,,Auto_LOA,13098.16,405780.9968,IMP,,,,,PP,,REFTL
IMP,L04AB338,L04AB338,B401515,clt472,22/09/2004,L,L,CTX,S3,51408.55,54544.28,54544.28,25.55,25.55,222.0,30/09/2004,31/08/2008,48,107745.57,2319.73,0.0,BQ011,,908,Agence Rabat Ministeres,28/02/2025,INITIAL,,RABAT,01/03/2025,VC00088,SUPER AUTO DISTRIBUTION,ADR472,1,,,Auto_LOA,2319.73,59269.1015,IMP,,,,,PP,,
IMP,11007048,B1EV5372,KB75384,clt72,11/04/2011,V,M,CTX,S3,7112.5,7112.5,7112.5,1.0,1.0,99.0,31/05/2011,31/07/2012,15,9599.0,545.5,0.0,OPB022,,917,Agence Tanger Branes,28/02/2025,Restr_grpe,1,TANGER,01/03/2025,CG00190,ASWAK ASSALAM TANGER,ADR72,3,550159807,,OPB_DISPO,545.5,545.5,IMP,,,,,OPB_DISPO,,
IMP,20057577,B2EV2230,B813538,clt111,15/05/2012,V,A,CTX,S3,49038.09,43930.73,43930.73,1.0,1.0,99.0,30/05/2012,31/05/2015,48,80000.0,2053.37,144.0,OPB225,,903,Agence Fes Zerhoun,28/02/2025,Restr_grpe,1,FES,01/03/2025,VC00190,STE VIGANO AUTO,ADR111,5,579319513,,Auto_CLASS,2197.37,2197.37,IMP,,,,,PP,,
NOR,C50Q3878,C50Q3878,C289082,clt894,31/01/2025,L,L,NOR,S1,287594.4,3132.075024,0.0,1.0,1.0,1.0,31/01/2025,31/01/2031,73,291555.57,3918.58,179.57,BQ270,,903,Agence Fes Zerhoun,28/02/2025,INITIAL,90852,FES,01/03/2025,VC00005,TOYOTA DU MAROC,,,,,Auto_LOA,4098.15,4098.15,IMP,,,,,PP,,
IMP,L50H4251,A50H4251,E338154,clt542,31/10/2005,L,L,CTX,S3,1553.91,1553.91,1553.91,0.85,0.85,178.0,10/11/2005,10/03/2010,41,193438.33,3085.15,0.0,BQ007,,902,Agence Marrakech Menara,28/02/2025,INITIAL,,MARRAKECH,01/03/2025,VC00149,CFAO MOTORS,ADR542,4,,,Auto_LOA,3085.15,2622.3775,Bagatelle,,,,,PP,,
IMP,20057233,B2EV2079,G35711,clt109,31/03/2012,L,L,CTX,S3,153955.22,128304.3,128304.3,14.31,14.31,109.0,30/04/2012,31/03/2017,50,558083.33,10758.54,454.57,BQ225,,915,Agence Kenitra Mohamed V,28/02/2025,AUTOVENDU,,KENITRA,01/03/2025,VC00020,DELTA MOTORS,ADR109,15,551395737,,Auto_LOA,11213.11,160459.6041,IMP,,,,,PP,,
IMP,L05AA585,L05AA585,BE40142E,clt518,10/04/2005,L,L,CTX,S3,1315.93,1285.15,1285.15,1.09,1.09,179.0,10/04/2005,10/03/2010,48,113233.33,1954.35,0.0,BQ007,,914,Agence ElJadida SidiDaoui,28/02/2025,INITIAL,,CASABLANCA,01/03/2025,VC00025,AMAN AUTOS,ADR518,2,,,Auto_LOA,1954.35,2130.2415,Bagatelle,,,,,PP,,REFTL
IMP,B0025245,B0025245,I5915,clt250,18/03/2010,I,D,CTX,S3,7878.99,7084.93,7084.93,1.0,1.0,99.0,30/04/2010,31/03/2017,84,20000.0,341.0,35.0,CIMR,CAISSE INTERPROFESSIONNELLE MAROCAINE DE,905,Agence Sale Tabrikt,28/02/2025,Restr_grpe,135153,OULED NEMMA,01/03/2025,,,ADR250,21,11038159,PCX,EMPHF,376.0,376.0,IMP,,,,,EMPHF,,
IMP,B0085140,B0085140,JA28345,clt400,05/08/2010,V,D,CTX,S3,18750.05,15532.54,15532.54,1.0,1.0,99.0,30/09/2010,31/08/2013,35,20000.0,543.0,40.0,OPB011,,911,Agence Agadir Shems,28/02/2025,Restr_grpe,,AGADIR,01/03/2025,,,ADR400,10,77450477,,OPB_DISPO,583.0,583.0,IMP,,,,,OPB_DISPO,,
IMP,L05AA715,L05AA715,BE521792,clt485,13/04/2005,L,L,CTX,S3,1557.77,1503.55,1503.55,1.55,1.55,179.0,30/04/2005,31/03/2010,50,73250.0,1477.48,0.0,BQ021,,980,Plateforme commerciale,28/02/2025,INITIAL,,KSAR LEKBIR,01/03/2025,VC00118,GLOBAL ENGINES,ADR485,23,,,Auto_LOA,1477.48,2290.094,IMP,,,,,PP,,
IMP,11007009,B1EV5341,F405751,clt71,25/03/2011,V,M,CTX,S3,12050.38,10555.3,10555.3,1.0,1.0,99.0,30/04/2011,31/03/2013,24,11981.0,573.83,23.95,OPB022,,905,Agence Oujda Angad,28/02/2025,Restr_grpe,1,OUJDA,01/03/2025,CG00208,ASWAK ASSALAM OUJDA,ADR71,17,535580909,,OPB_DISPO,597.78,597.78,IMP,,,,,OPB_DISPO,,
IMP,L04AB515,L04AB515,M59412,clt475,01/09/2004,L,L,CTX,S3,154538.54,133773.54,133773.54,34.05,34.05,219.0,30/09/2004,31/08/2009,50,191555.57,4258.39,0.0,BQ019,,0,Agence Casa Sidi Belyout,28/02/2025,INITIAL,,CASABLANCA,01/03/2025,VC00149,CFAO MOTORS,ADR475,2,,,Auto_LOA,4258.39,144998.1795,IMP,,,,,PP,,REFTL
IMP,L04AB549,L04AB549,M211800,clt475,29/09/2004,L,L,CTX,S3,3710.55,3388.18,3388.18,1.5,1.5,185.0,30/09/2004,31/08/2009,50,177583.33,3453.54,0.0,BQ021,,902,Agence Marrakech Menara,28/02/2025,INITIAL,,EL JADIDA,01/03/2025,VC00135,FETTAH AUTO SERVICE,ADR475,9,,,Auto_LOA,3453.54,5180.31,IMP,,,,,PP,,REFTL
IMP,28204,B0EV0219,BE54788V,clt15,22/02/2010,V,A,CTX,S3,42212.82,39075.52,39075.52,1.0,1.0,99.0,31/03/2010,28/02/2015,50,120000.0,2505.8,84.0,OPB021,,980,Plateforme commerciale,28/02/2025,Restr_grpe,1,CASABLANCA,01/03/2025,VC00202,MONZA MOTORS,ADR15,2,545114570,,Auto_CLASS,2589.8,2589.8,IMP,,,,,PP,,
IMP,L70F7792,A70F7792,BK303857,clt455,15/05/2007,L,L,CTX,S3,105587.15,87989.39,87989.39,31.52,31.52,184.0,30/05/2007,31/05/2012,50,147380.0,3050.55,0.0,BQ011,,980,Plateforme commerciale,28/02/2025,INITIAL,,CASABLANCA,01/03/2025,VC00010,CAC,ADR455,2,,,Auto_LOA,3050.55,96153.336,IMP,,,,,PP,,REFTL
IMP,L70F8773,A70F8773,D27280,clt450,25/07/2007,L,L,CTX,S3,153589.54,128382.28,128382.28,37.31,37.31,188.0,30/07/2007,30/05/2012,50,184583.33,3833.27,0.0,BQ225,,903,Agence Fes Zerhoun,28/02/2025,INITIAL,,ASILAH,01/03/2025,VC00005,TOYOTA DU MAROC,ADR450,45,,,Auto_LOA,3833.27,143019.3037,IMP,,,,,PP,,REFTL
IMP,B0033810,B0033810,T158547,clt272,30/03/2010,V,D,CTX,S3,13788.0,13078.84,13078.84,1.0,1.0,99.0,31/05/2010,30/04/2014,48,50000.0,1290.0,100.0,OPB230,,0,Agence Casa Sidi Belyout,28/02/2025,Restr_grpe,7750,MOHAMMADIA,01/03/2025,,,ADR272,14,51754395,,OPB_DISPO,1390.0,1390.0,IMP,,,,,OPB_DISPO,,
IMP,L70A5259,A70A5259,C27582,clt435,15/02/2007,L,L,CTX,S3,2473.73,2207.28,2207.28,1.92,1.92,157.0,28/02/2007,31/01/2012,50,87500.0,1597.43,0.0,BQ011,,911,Agence Agadir Shems,28/02/2025,INITIAL,,CASABLANCA,01/03/2025,VC00149,CFAO MOTORS,ADR435,2,,,Auto_LOA,1597.43,3067.0656,IMP,,,,,PP,,REFTL
NOR,C50Q7579,C50Q7579,A455144,clt559,25/02/2025,F,D,NOR,S1,53300.22,398.791385,0.0,1.0,1.0,0.0,31/03/2025,28/02/2037,144,53300.0,555.04,53.3,2501,DIRECTION SURETE NATIONALE,915,Agence Kenitra Mohamed V,28/02/2025,INITIAL,1150801,RABAT,01/03/2025,,,ADR559,1,,PCX,EMPHF,608.34,0.0,IMP,,,,,EMPHF,,
